name,Agency ID,Resource ID,Latest Version,Unique ID
GEE Live 2025 April GAS3,IMF.RES.GEE,GEE_LIVE_2025_APR_GAS3_VINTAGE,1.0.0,IMF.RES.GEE:GEE_LIVE_2025_APR_GAS3_VINTAGE(1.0.0)
GAS Live 2016 April GAS3,IMF.RES.GAS,GAS_LIVE_2016_APR_GAS3_VINTAGE,1.0.0,IMF.RES.GAS:GAS_LIVE_2016_APR_GAS3_VINTAGE(1.0.0)
GFS Statement of Other Economic Flows,IMF.STA,GFS_SOEF,11.0.0,IMF.STA:GFS_SOEF(11.0.0)
WEO Live 2006 September,IMF.RES.WEO,WEO_LIVE_2006_SEP_VINTAGE,1.0.0,IMF.RES.WEO:WEO_LIVE_2006_SEP_VINTAGE(1.0.0)
WEO Live 2021 January,IMF.RES.WEO,WEO_LIVE_2021_JAN_VINTAGE,1.0.0,IMF.RES.WEO:WEO_LIVE_2021_JAN_VINTAGE(1.0.0)
GAS Live 2007 October Final,IMF.RES.GAS,GAS_LIVE_2007_OCT_FINAL_VINTAGE,1.0.0,IMF.RES.GAS:GAS_LIVE_2007_OCT_FINAL_VINTAGE(1.0.0)
"National Economic Accounts (NEA), Quarterly Data 2026 February",IMF.STA,QNEA_2026_FEB_VINTAGE,1.0.0,IMF.STA:QNEA_2026_FEB_VINTAGE(1.0.0)
Gender Statistics (GS) Health,IMF.STA,GS_HEALTH,5.0.0,IMF.STA:GS_HEALTH(5.0.0)
"Producer prices in industry, total - monthly data",ESTAT,STS_INPP_M,1.0,ESTAT:STS_INPP_M(1.0)
GEE Live 2010 April Final,IMF.RES.GEE,GEE_LIVE_2010_APR_FINAL_VINTAGE,1.0.0,IMF.RES.GEE:GEE_LIVE_2010_APR_FINAL_VINTAGE(1.0.0)
WEO Live 2008 July,IMF.RES.WEO,WEO_LIVE_2008_JUL_VINTAGE,1.0.0,IMF.RES.WEO:WEO_LIVE_2008_JUL_VINTAGE(1.0.0)
GEE Live 2017 April GAS2,IMF.RES.GEE,GEE_LIVE_2017_APR_GAS2_VINTAGE,1.0.0,IMF.RES.GEE:GEE_LIVE_2017_APR_GAS2_VINTAGE(1.0.0)
"Production Indexes, World and Country Group Aggregates 2026 January",IMF.STA,PI_WCA_2026_JAN_VINTAGE,1.0.0,IMF.STA:PI_WCA_2026_JAN_VINTAGE(1.0.0)
WEO Live 2007 October,IMF.RES.WEO,WEO_LIVE_2007_OCT_VINTAGE,1.0.0,IMF.RES.WEO:WEO_LIVE_2007_OCT_VINTAGE(1.0.0)
WEO Live 2007 April,IMF.RES.WEO,WEO_LIVE_2007_APR_VINTAGE,1.0.0,IMF.RES.WEO:WEO_LIVE_2007_APR_VINTAGE(1.0.0)
GAS Live 2025 January GAS1,IMF.RES.GAS,GAS_LIVE_2025_JAN_GAS1_VINTAGE,1.0.0,IMF.RES.GAS:GAS_LIVE_2025_JAN_GAS1_VINTAGE(1.0.0)
GAS Live 2018 April GAS2,IMF.RES.GAS,GAS_LIVE_2018_APR_GAS2_VINTAGE,1.0.0,IMF.RES.GAS:GAS_LIVE_2018_APR_GAS2_VINTAGE(1.0.0)
"Financial Soundness Indicators (FSI), Core and Additional Indicators",IMF.STA,FSIC,13.0.1,IMF.STA:FSIC(13.0.1)
Labour force by sex and age,ILO,DF_EAP_TEAP_SEX_AGE_NB,1.0,ILO:DF_EAP_TEAP_SEX_AGE_NB(1.0)
Projected Damages from Floods and Tropical Cyclones,IMF.STA,PDFTC,2.0.0,IMF.STA:PDFTC(2.0.0)
Sub-Saharan Africa Regional Economic Outlook (AFRREO),IMF.AFR,AFRREO,7.0.0,IMF.AFR:AFRREO(7.0.0)
WEO Live 1991 October,IMF.RES.WEO,WEO_LIVE_1991_OCT_VINTAGE,1.0.0,IMF.RES.WEO:WEO_LIVE_1991_OCT_VINTAGE(1.0.0)
GAS Live 2008 October Final,IMF.RES.GAS,GAS_LIVE_2008_OCT_FINAL_VINTAGE,1.0.0,IMF.RES.GAS:GAS_LIVE_2008_OCT_FINAL_VINTAGE(1.0.0)
Direct Investment-Related Indicators (DIRI),IMF.STA,DIRI,3.0.1,IMF.STA:DIRI(3.0.1)
GEE Live 2024 January GAS1,IMF.RES.GEE,GEE_LIVE_2024_JAN_GAS1_VINTAGE,1.0.0,IMF.RES.GEE:GEE_LIVE_2024_JAN_GAS1_VINTAGE(1.0.0)
WEO Live 2014 July,IMF.RES.WEO,WEO_LIVE_2014_JUL_VINTAGE,1.0.0,IMF.RES.WEO:WEO_LIVE_2014_JUL_VINTAGE(1.0.0)
WEO Live 2020 January (ICP2021PPP Weights),IMF.RES.WEO,WEO_LIVE_2020_JAN_ICP2021PPP_VINTAGE,1.0.0,IMF.RES.WEO:WEO_LIVE_2020_JAN_ICP2021PPP_VINTAGE(1.0.0)
GEE Live 2025 October Final,IMF.RES.GEE,GEE_LIVE_2025_OCT_FINAL_VINTAGE,1.0.0,IMF.RES.GEE:GEE_LIVE_2025_OCT_FINAL_VINTAGE(1.0.0)
GEE Live 2011 April Final,IMF.RES.GEE,GEE_LIVE_2011_APR_FINAL_VINTAGE,1.0.0,IMF.RES.GEE:GEE_LIVE_2011_APR_FINAL_VINTAGE(1.0.0)
WEO Live 2013 April,IMF.RES.WEO,WEO_LIVE_2013_APR_VINTAGE,1.0.0,IMF.RES.WEO:WEO_LIVE_2013_APR_VINTAGE(1.0.0)
WEO Live 2013 October (ICP2011PPP Weights),IMF.RES.WEO,WEO_LIVE_2013_OCT_ICP2011PPP_VINTAGE,1.0.0,IMF.RES.WEO:WEO_LIVE_2013_OCT_ICP2011PPP_VINTAGE(1.0.0)
GEE Live 2020 April GAS3c,IMF.RES.GEE,GEE_LIVE_2020_APR_GAS3C_VINTAGE,1.0.0,IMF.RES.GEE:GEE_LIVE_2020_APR_GAS3C_VINTAGE(1.0.0)
Quarterly External Debt Statistics (QEDS),WB,QEDS,1.0.0,WB:QEDS(1.0.0)
Air Emissions Accounts (AEA),IMF.STA,AEA,7.0.0,IMF.STA:AEA(7.0.0)
Exchange Rates (ER) 2026 January,IMF.STA,ER_2026_JAN_VINTAGE,1.0.0,IMF.STA:ER_2026_JAN_VINTAGE(1.0.0)
Fiscal Monitor (FM),IMF.FAD,FM,5.0.0,IMF.FAD:FM(5.0.0)
GAS Live 2015 January GAS1,IMF.RES.GAS,GAS_LIVE_2015_JAN_GAS1_VINTAGE,1.0.0,IMF.RES.GAS:GAS_LIVE_2015_JAN_GAS1_VINTAGE(1.0.0)
GEE Live 2020 January Final,IMF.RES.GEE,GEE_LIVE_2020_JAN_FINAL_VINTAGE,1.0.0,IMF.RES.GEE:GEE_LIVE_2020_JAN_FINAL_VINTAGE(1.0.0)
Pension Exchange Rates (PER),IMF.HRD,PER,2.0.0,IMF.HRD:PER(2.0.0)
GAS Live 2015 July GAS1,IMF.RES.GAS,GAS_LIVE_2015_JUL_GAS1_VINTAGE,1.0.0,IMF.RES.GAS:GAS_LIVE_2015_JUL_GAS1_VINTAGE(1.0.0)
National Accounts Main Aggregates (SDMX),IMF.STA,NA_MAIN,1.0.0,IMF.STA:NA_MAIN(1.0.0)
WEO Live 2009 July,IMF.RES.WEO,WEO_LIVE_2009_JUL_VINTAGE,1.0.0,IMF.RES.WEO:WEO_LIVE_2009_JUL_VINTAGE(1.0.0)
"Quarterly Gross Domestic Product (GDP), World and Country Aggregates",IMF.STA,QGDP_WCA,4.0.0,IMF.STA:QGDP_WCA(4.0.0)
GEE Live 2024 July GAS1,IMF.RES.GEE,GEE_LIVE_2024_JUL_GAS1_VINTAGE,1.0.0,IMF.RES.GEE:GEE_LIVE_2024_JUL_GAS1_VINTAGE(1.0.0)
GEE Live 2026 April Final,IMF.RES.GEE,GEE_LIVE_2026_APR_FINAL_VINTAGE,1.0.0,IMF.RES.GEE:GEE_LIVE_2026_APR_FINAL_VINTAGE(1.0.0)
Structural Reform Database (SRD),IMF.RES,SRD,1.0.0,IMF.RES:SRD(1.0.0)
WEO Live 2008 October,IMF.RES.WEO,WEO_LIVE_2008_OCT_VINTAGE,1.0.0,IMF.RES.WEO:WEO_LIVE_2008_OCT_VINTAGE(1.0.0)
"Potential labour force by sex, age and marital status",ILO,DF_EIP_WPLF_SEX_AGE_MTS_NB,1.0,ILO:DF_EIP_WPLF_SEX_AGE_MTS_NB(1.0)
GEE Live 2012 April Final,IMF.RES.GEE,GEE_LIVE_2012_APR_FINAL_VINTAGE,1.0.0,IMF.RES.GEE:GEE_LIVE_2012_APR_FINAL_VINTAGE(1.0.0)
GAS Live 2022 October GAS3,IMF.RES.GAS,GAS_LIVE_2022_OCT_GAS3_VINTAGE,1.0.0,IMF.RES.GAS:GAS_LIVE_2022_OCT_GAS3_VINTAGE(1.0.0)
GAS Live 2014 October GAS2,IMF.RES.GAS,GAS_LIVE_2014_OCT_GAS2_VINTAGE,1.0.0,IMF.RES.GAS:GAS_LIVE_2014_OCT_GAS2_VINTAGE(1.0.0)
"Labour force by sex and age, seasonally adjusted series (Sub-annual)",ILO,DF_EAP_TEA1_SEX_AGE_NB,1.0,ILO:DF_EAP_TEA1_SEX_AGE_NB(1.0)
WEO Live 2022 January,IMF.RES.WEO,WEO_LIVE_2022_JAN_VINTAGE,1.0.0,IMF.RES.WEO:WEO_LIVE_2022_JAN_VINTAGE(1.0.0)
WEO Live 2012 October,IMF.RES.WEO,WEO_LIVE_2012_OCT_VINTAGE,1.0.0,IMF.RES.WEO:WEO_LIVE_2012_OCT_VINTAGE(1.0.0)
GAS Live 2020 April GAS3d,IMF.RES.GAS,GAS_LIVE_2020_APR_GAS3D_VINTAGE,1.0.0,IMF.RES.GAS:GAS_LIVE_2020_APR_GAS3D_VINTAGE(1.0.0)
WEO Live 2013 July,IMF.RES.WEO,WEO_LIVE_2013_JUL_VINTAGE,1.0.0,IMF.RES.WEO:WEO_LIVE_2013_JUL_VINTAGE(1.0.0)
GAS Live 2008 April Final,IMF.RES.GAS,GAS_LIVE_2008_APR_FINAL_VINTAGE,1.0.0,IMF.RES.GAS:GAS_LIVE_2008_APR_FINAL_VINTAGE(1.0.0)
GEE Live 2023 October GAS2,IMF.RES.GEE,GEE_LIVE_2023_OCT_GAS2_VINTAGE,1.0.0,IMF.RES.GEE:GEE_LIVE_2023_OCT_GAS2_VINTAGE(1.0.0)
"Monetary and Financial Statistics (MFS), Central Bank Data 2026 February",IMF.STA,MFS_CBS_2026_FEB_VINTAGE,1.0.0,IMF.STA:MFS_CBS_2026_FEB_VINTAGE(1.0.0)
Employment and activity by sex and age - quarterly data,ESTAT,LFSI_EMP_Q,1.0,ESTAT:LFSI_EMP_Q(1.0)
"Effective Exchange Rate (EER), Inputs",IMF.STA,EER_INPUTS,1.0.0,IMF.STA:EER_INPUTS(1.0.0)
GEE Live 2021 October GAS3,IMF.RES.GEE,GEE_LIVE_2021_OCT_GAS3_VINTAGE,1.0.0,IMF.RES.GEE:GEE_LIVE_2021_OCT_GAS3_VINTAGE(1.0.0)
GEE Live 2013 April Final,IMF.RES.GEE,GEE_LIVE_2013_APR_FINAL_VINTAGE,1.0.0,IMF.RES.GEE:GEE_LIVE_2013_APR_FINAL_VINTAGE(1.0.0)
Unemployment by sex and age,ILO,DF_UNE_TUNE_SEX_AGE_NB,1.0,ILO:DF_UNE_TUNE_SEX_AGE_NB(1.0)
WEO Live 2007 July,IMF.RES.WEO,WEO_LIVE_2007_JUL_VINTAGE,1.0.0,IMF.RES.WEO:WEO_LIVE_2007_JUL_VINTAGE(1.0.0)
GAS Live 2022 July GAS1b,IMF.RES.GAS,GAS_LIVE_2022_JUL_GAS1B_VINTAGE,1.0.0,IMF.RES.GAS:GAS_LIVE_2022_JUL_GAS1B_VINTAGE(1.0.0)
GEE Live 2019 January GAS1,IMF.RES.GEE,GEE_LIVE_2019_JAN_GAS1_VINTAGE,1.0.0,IMF.RES.GEE:GEE_LIVE_2019_JAN_GAS1_VINTAGE(1.0.0)
Sub-Saharan Africa Regional Economic Outlook (AFRREO) 2025 October,IMF.AFR,AFRREO_2025_OCT_VINTAGE,1.0.0,IMF.AFR:AFRREO_2025_OCT_VINTAGE(1.0.0)
GAS Live 2012 October GAS3,IMF.RES.GAS,GAS_LIVE_2012_OCT_GAS3_VINTAGE,1.0.0,IMF.RES.GAS:GAS_LIVE_2012_OCT_GAS3_VINTAGE(1.0.0)
GEE Live 2013 July Final,IMF.RES.GEE,GEE_LIVE_2013_JUL_FINAL_VINTAGE,1.0.0,IMF.RES.GEE:GEE_LIVE_2013_JUL_FINAL_VINTAGE(1.0.0)
Special Purpose Entities (SPEs),IMF.STA,SPE,13.0.0,IMF.STA:SPE(13.0.0)
GAS Live 2023 April GAS2,IMF.RES.GAS,GAS_LIVE_2023_APR_GAS2_VINTAGE,1.0.0,IMF.RES.GAS:GAS_LIVE_2023_APR_GAS2_VINTAGE(1.0.0)
GAS Live 2009 October Final,IMF.RES.GAS,GAS_LIVE_2009_OCT_FINAL_VINTAGE,1.0.0,IMF.RES.GAS:GAS_LIVE_2009_OCT_FINAL_VINTAGE(1.0.0)
Global Debt Database (GDD),IMF.FAD,GDD,2.0.0,IMF.FAD:GDD(2.0.0)
Informal employment rate by sex,ILO,DF_EMP_NIFL_SEX_RT,1.0,ILO:DF_EMP_NIFL_SEX_RT(1.0)
GEE Live 2013 October GAS2,IMF.RES.GEE,GEE_LIVE_2013_OCT_GAS2_VINTAGE,1.0.0,IMF.RES.GEE:GEE_LIVE_2013_OCT_GAS2_VINTAGE(1.0.0)
GAS Live 2022 April GAS3,IMF.RES.GAS,GAS_LIVE_2022_APR_GAS3_VINTAGE,1.0.0,IMF.RES.GAS:GAS_LIVE_2022_APR_GAS3_VINTAGE(1.0.0)
GEE Live 2014 July GAS1,IMF.RES.GEE,GEE_LIVE_2014_JUL_GAS1_VINTAGE,1.0.0,IMF.RES.GEE:GEE_LIVE_2014_JUL_GAS1_VINTAGE(1.0.0)
GEE Live 2015 April GAS3,IMF.RES.GEE,GEE_LIVE_2015_APR_GAS3_VINTAGE,1.0.0,IMF.RES.GEE:GEE_LIVE_2015_APR_GAS3_VINTAGE(1.0.0)
WEO Live 2020 January,IMF.RES.WEO,WEO_LIVE_2020_JAN_VINTAGE,1.0.0,IMF.RES.WEO:WEO_LIVE_2020_JAN_VINTAGE(1.0.0)
WEO Live 2014 October,IMF.RES.WEO,WEO_LIVE_2014_OCT_VINTAGE,1.0.0,IMF.RES.WEO:WEO_LIVE_2014_OCT_VINTAGE(1.0.0)
Special Purpose Entities (SPEs) 2026 February,IMF.STA,SPE_2026_FEB_VINTAGE,1.0.0,IMF.STA:SPE_2026_FEB_VINTAGE(1.0.0)
GAS Live 2009 April Final,IMF.RES.GAS,GAS_LIVE_2009_APR_FINAL_VINTAGE,1.0.0,IMF.RES.GAS:GAS_LIVE_2009_APR_FINAL_VINTAGE(1.0.0)
WEO Live 2016 January,IMF.RES.WEO,WEO_LIVE_2016_JAN_VINTAGE,1.0.0,IMF.RES.WEO:WEO_LIVE_2016_JAN_VINTAGE(1.0.0)
WEO Live 2021 July,IMF.RES.WEO,WEO_LIVE_2021_JUL_VINTAGE,1.0.0,IMF.RES.WEO:WEO_LIVE_2021_JUL_VINTAGE(1.0.0)
GEE Live 2012 April GAS2,IMF.RES.GEE,GEE_LIVE_2012_APR_GAS2_VINTAGE,1.0.0,IMF.RES.GEE:GEE_LIVE_2012_APR_GAS2_VINTAGE(1.0.0)
GEE Live 2021 October Final,IMF.RES.GEE,GEE_LIVE_2021_OCT_FINAL_VINTAGE,1.0.0,IMF.RES.GEE:GEE_LIVE_2021_OCT_FINAL_VINTAGE(1.0.0)
GEE Live 2020 April GAS3,IMF.RES.GEE,GEE_LIVE_2020_APR_GAS3_VINTAGE,1.0.0,IMF.RES.GEE:GEE_LIVE_2020_APR_GAS3_VINTAGE(1.0.0)
GEE Live 2019 April GAS3,IMF.RES.GEE,GEE_LIVE_2019_APR_GAS3_VINTAGE,1.0.0,IMF.RES.GEE:GEE_LIVE_2019_APR_GAS3_VINTAGE(1.0.0)
Currency Composition of Official Foreign Exchange Reserves (COFER) 2025 October,IMF.STA,COFER_2025_OCT_VINTAGE,1.0.0,IMF.STA:COFER_2025_OCT_VINTAGE(1.0.0)
GEE Live 2024 April Final,IMF.RES.GEE,GEE_LIVE_2024_APR_FINAL_VINTAGE,1.0.0,IMF.RES.GEE:GEE_LIVE_2024_APR_FINAL_VINTAGE(1.0.0)
Currency Composition of the International Investment Position (IIPCC) 2026 January,IMF.STA,IIPCC_2026_JAN_VINTAGE,1.0.0,IMF.STA:IIPCC_2026_JAN_VINTAGE(1.0.0)
Gender Statistics (GS) Composite Gender Indices (CGI),IMF.STA,GS_CGI,3.0.0,IMF.STA:GS_CGI(3.0.0)
GAS Live 2003 September Final,IMF.RES.GAS,GAS_LIVE_2003_SEP_FINAL_VINTAGE,1.0.0,IMF.RES.GAS:GAS_LIVE_2003_SEP_FINAL_VINTAGE(1.0.0)
WEO Live 2017 January,IMF.RES.WEO,WEO_LIVE_2017_JAN_VINTAGE,1.0.0,IMF.RES.WEO:WEO_LIVE_2017_JAN_VINTAGE(1.0.0)
GEE Live 2016 October GAS3,IMF.RES.GEE,GEE_LIVE_2016_OCT_GAS3_VINTAGE,1.0.0,IMF.RES.GEE:GEE_LIVE_2016_OCT_GAS3_VINTAGE(1.0.0)
GEE Live 2015 April Final,IMF.RES.GEE,GEE_LIVE_2015_APR_FINAL_VINTAGE,1.0.0,IMF.RES.GEE:GEE_LIVE_2015_APR_FINAL_VINTAGE(1.0.0)
GEE Live 2022 January Final,IMF.RES.GEE,GEE_LIVE_2022_JAN_FINAL_VINTAGE,1.0.0,IMF.RES.GEE:GEE_LIVE_2022_JAN_FINAL_VINTAGE(1.0.0)
Exchange Rates (ER),IMF.STA,ER,4.0.1,IMF.STA:ER(4.0.1)
Fund Accounts (FA) 2026 January,IMF.STA,FA_2026_JAN_VINTAGE,1.0.0,IMF.STA:FA_2026_JAN_VINTAGE(1.0.0)
Gender Statistics (GS) Access to Finance (ATF),IMF.STA,GS_ATF,1.0.0,IMF.STA:GS_ATF(1.0.0)
WEO Live 2014 January,IMF.RES.WEO,WEO_LIVE_2014_JAN_VINTAGE,1.0.0,IMF.RES.WEO:WEO_LIVE_2014_JAN_VINTAGE(1.0.0)
Special Drawing Right Exchange Rates,IMF.FIN,SDRER,5.0.0,IMF.FIN:SDRER(5.0.0)
Exchange Rates (ER) 2026 February,IMF.STA,ER_2026_FEB_VINTAGE,2.0.0,IMF.STA:ER_2026_FEB_VINTAGE(2.0.0)
WEO Live 2020 October,IMF.RES.WEO,WEO_LIVE_2020_OCT_VINTAGE,1.0.0,IMF.RES.WEO:WEO_LIVE_2020_OCT_VINTAGE(1.0.0)
GAS Live 2011 September GAS2,IMF.RES.GAS,GAS_LIVE_2011_SEP_GAS2_VINTAGE,1.0.0,IMF.RES.GAS:GAS_LIVE_2011_SEP_GAS2_VINTAGE(1.0.0)
GEE Live 2021 April GAS3,IMF.RES.GEE,GEE_LIVE_2021_APR_GAS3_VINTAGE,1.0.0,IMF.RES.GEE:GEE_LIVE_2021_APR_GAS3_VINTAGE(1.0.0)
GAS Live 2004 April Final,IMF.RES.GAS,GAS_LIVE_2004_APR_FINAL_VINTAGE,1.0.0,IMF.RES.GAS:GAS_LIVE_2004_APR_FINAL_VINTAGE(1.0.0)
GEE Live 2024 January Final,IMF.RES.GEE,GEE_LIVE_2024_JAN_FINAL_VINTAGE,1.0.0,IMF.RES.GEE:GEE_LIVE_2024_JAN_FINAL_VINTAGE(1.0.0)
GEE Live 2018 July Final,IMF.RES.GEE,GEE_LIVE_2018_JUL_FINAL_VINTAGE,1.0.0,IMF.RES.GEE:GEE_LIVE_2018_JUL_FINAL_VINTAGE(1.0.0)
GAS Live 2020 April GAS2b,IMF.RES.GAS,GAS_LIVE_2020_APR_GAS2B_VINTAGE,1.0.0,IMF.RES.GAS:GAS_LIVE_2020_APR_GAS2B_VINTAGE(1.0.0)
WEO Live 2014 April,IMF.RES.WEO,WEO_LIVE_2014_APR_VINTAGE,1.0.0,IMF.RES.WEO:WEO_LIVE_2014_APR_VINTAGE(1.0.0)
"Labour force by sex and age -- ILO modelled estimates, Nov. 2024",ILO,DF_EAP_2EAP_SEX_AGE_NB,1.0,ILO:DF_EAP_2EAP_SEX_AGE_NB(1.0)
Working Paper Foreign Exchange Intervention (WPFXI) A Dataset of Public Data and Proxies,IMF.STA,WPFXI,1.0.2,IMF.STA:WPFXI(1.0.2)
GEE Live 2025 July Final,IMF.RES.GEE,GEE_LIVE_2025_JUL_FINAL_VINTAGE,1.0.0,IMF.RES.GEE:GEE_LIVE_2025_JUL_FINAL_VINTAGE(1.0.0)
Fiscal Monitor (FM) 2025 October,IMF.FAD,FM_2025_OCT_VINTAGE,1.0.0,IMF.FAD:FM_2025_OCT_VINTAGE(1.0.0)
GEE Live 2021 January GAS1b,IMF.RES.GEE,GEE_LIVE_2021_JAN_GAS1B_VINTAGE,1.0.0,IMF.RES.GEE:GEE_LIVE_2021_JAN_GAS1B_VINTAGE(1.0.0)
GFS Government Expenditures by Function,IMF.STA,GFS_COFOG,11.0.0,IMF.STA:GFS_COFOG(11.0.0)
GAS Live 2012 April GAS3,IMF.RES.GAS,GAS_LIVE_2012_APR_GAS3_VINTAGE,1.0.0,IMF.RES.GAS:GAS_LIVE_2012_APR_GAS3_VINTAGE(1.0.0)
Earnings-Calls-based Firm Inflation Expectations (ECFIE),IMF.RES,ECFIE,2.0.3,IMF.RES:ECFIE(2.0.3)
GEE Live 2012 January GAS0,IMF.RES.GEE,GEE_LIVE_2012_JAN_GAS0_VINTAGE,1.0.0,IMF.RES.GEE:GEE_LIVE_2012_JAN_GAS0_VINTAGE(1.0.0)
GAS Live 2024 July GAS1,IMF.RES.GAS,GAS_LIVE_2024_JUL_GAS1_VINTAGE,1.0.0,IMF.RES.GAS:GAS_LIVE_2024_JUL_GAS1_VINTAGE(1.0.0)
WEO Live 2009 April,IMF.RES.WEO,WEO_LIVE_2009_APR_VINTAGE,1.0.0,IMF.RES.WEO:WEO_LIVE_2009_APR_VINTAGE(1.0.0)
Unemployment by sex and age - monthly data,ESTAT,UNE_RT_M,1.0,ESTAT:UNE_RT_M(1.0)
GAS Live 2011 April GAS3,IMF.RES.GAS,GAS_LIVE_2011_APR_GAS3_VINTAGE,1.0.0,IMF.RES.GAS:GAS_LIVE_2011_APR_GAS3_VINTAGE(1.0.0)
International Trade in Goods (ITG) 2026 February,IMF.STA,ITG_2026_FEB_VINTAGE,1.0.0,IMF.STA:ITG_2026_FEB_VINTAGE(1.0.0)
"Monetary and Financial Statistics (MFS), Depository Corporations",IMF.STA,MFS_DC,8.0.0,IMF.STA:MFS_DC(8.0.0)
GEE Live 2015 October GAS3,IMF.RES.GEE,GEE_LIVE_2015_OCT_GAS3_VINTAGE,1.0.0,IMF.RES.GEE:GEE_LIVE_2015_OCT_GAS3_VINTAGE(1.0.0)
GEE Live 2020 January GAS1,IMF.RES.GEE,GEE_LIVE_2020_JAN_GAS1_VINTAGE,1.0.0,IMF.RES.GEE:GEE_LIVE_2020_JAN_GAS1_VINTAGE(1.0.0)
"National Economic Accounts (NEA), Annual Data",IMF.STA,ANEA,6.0.1,IMF.STA:ANEA(6.0.1)
GAS Live 2019 October GAS2 (JPN EDNA Fix),IMF.RES.GAS,GAS_LIVE_2019_OCT_GAS2_JPN_EDNA_FIX_VINTAGE,1.0.0,IMF.RES.GAS:GAS_LIVE_2019_OCT_GAS2_JPN_EDNA_FIX_VINTAGE(1.0.0)
Quarterly Government Finance Statistics (QGFS),IMF.STA,QGFS,12.0.0,IMF.STA:QGFS(12.0.0)
GEE Live 2013 April GAS2,IMF.RES.GEE,GEE_LIVE_2013_APR_GAS2_VINTAGE,1.0.0,IMF.RES.GEE:GEE_LIVE_2013_APR_GAS2_VINTAGE(1.0.0)
GAS Live 2019 October Final,IMF.RES.GAS,GAS_LIVE_2019_OCT_FINAL_VINTAGE,1.0.0,IMF.RES.GAS:GAS_LIVE_2019_OCT_FINAL_VINTAGE(1.0.0)
"Production Indexes, World and Country Group Aggregates 2026 February",IMF.STA,PI_WCA_2026_FEB_VINTAGE,1.0.0,IMF.STA:PI_WCA_2026_FEB_VINTAGE(1.0.0)
GAS Live 2011 January GAS1,IMF.RES.GAS,GAS_LIVE_2011_JAN_GAS1_VINTAGE,1.0.0,IMF.RES.GAS:GAS_LIVE_2011_JAN_GAS1_VINTAGE(1.0.0)
"Financial Soundness Indicators (FSI), Concentration and Distribution Measures",IMF.STA,FSICDM,7.0.0,IMF.STA:FSICDM(7.0.0)
GEE Live 2017 April Final,IMF.RES.GEE,GEE_LIVE_2017_APR_FINAL_VINTAGE,1.0.0,IMF.RES.GEE:GEE_LIVE_2017_APR_FINAL_VINTAGE(1.0.0)
WEO Live 2009 January,IMF.RES.WEO,WEO_LIVE_2009_JAN_VINTAGE,1.0.0,IMF.RES.WEO:WEO_LIVE_2009_JAN_VINTAGE(1.0.0)
GEE Live 2018 July GAS1,IMF.RES.GEE,GEE_LIVE_2018_JUL_GAS1_VINTAGE,1.0.0,IMF.RES.GEE:GEE_LIVE_2018_JUL_GAS1_VINTAGE(1.0.0)
FDPortal,IMF.STA.DS,FDPORTAL,1.0.0,IMF.STA.DS:FDPORTAL(1.0.0)
GAS Live 2019 October GAS2,IMF.RES.GAS,GAS_LIVE_2019_OCT_GAS2_VINTAGE,1.0.0,IMF.RES.GAS:GAS_LIVE_2019_OCT_GAS2_VINTAGE(1.0.0)
WEO Live 2013 January,IMF.RES.WEO,WEO_LIVE_2013_JAN_VINTAGE,1.0.0,IMF.RES.WEO:WEO_LIVE_2013_JAN_VINTAGE(1.0.0)
Greenhouse Gas Emissions (UNFCCC),IMF.STA,UNFCCC,2.0.1,IMF.STA:UNFCCC(2.0.1)
WEO Live 1993 October,IMF.RES.WEO,WEO_LIVE_1993_OCT_VINTAGE,1.0.0,IMF.RES.WEO:WEO_LIVE_1993_OCT_VINTAGE(1.0.0)
"Monetary and Financial Statistics (MFS), Interest Rate 2026 January",IMF.STA,MFS_IR_2026_JAN_VINTAGE,1.0.0,IMF.STA:MFS_IR_2026_JAN_VINTAGE(1.0.0)
WEO Live 1990 May,IMF.RES.WEO,WEO_LIVE_1990_MAY_VINTAGE,1.0.0,IMF.RES.WEO:WEO_LIVE_1990_MAY_VINTAGE(1.0.0)
WEO Live 1990 October,IMF.RES.WEO,WEO_LIVE_1990_OCT_VINTAGE,1.0.0,IMF.RES.WEO:WEO_LIVE_1990_OCT_VINTAGE(1.0.0)
"Consumer Price Index (CPI), World and Country Aggregates (CPI_WCA)",IMF.STA,CPI_WCA,3.0.0,IMF.STA:CPI_WCA(3.0.0)
GFS Stocks and Flows by Counterparty,IMF.STA,GFS_SFCP,10.0.0,IMF.STA:GFS_SFCP(10.0.0)
GEE Live 2019 October GAS3,IMF.RES.GEE,GEE_LIVE_2019_OCT_GAS3_VINTAGE,1.0.0,IMF.RES.GEE:GEE_LIVE_2019_OCT_GAS3_VINTAGE(1.0.0)
GAS Live 2025 July GAS1b,IMF.RES.GAS,GAS_LIVE_2025_JUL_GAS1B_VINTAGE,1.0.0,IMF.RES.GAS:GAS_LIVE_2025_JUL_GAS1B_VINTAGE(1.0.0)
ISORA 2016 Data,ISORA,ISORA_2016_DATA_PUB,2.0.0,ISORA:ISORA_2016_DATA_PUB(2.0.0)
GEE Live 2022 April Final,IMF.RES.GEE,GEE_LIVE_2022_APR_FINAL_VINTAGE,1.0.0,IMF.RES.GEE:GEE_LIVE_2022_APR_FINAL_VINTAGE(1.0.0)
GAS Live 2025 July GAS1,IMF.RES.GAS,GAS_LIVE_2025_JUL_GAS1_VINTAGE,1.0.0,IMF.RES.GAS:GAS_LIVE_2025_JUL_GAS1_VINTAGE(1.0.0)
International Liquidity (IL) 2026 February,IMF.STA,IL_2026_FEB_VINTAGE,1.0.0,IMF.STA:IL_2026_FEB_VINTAGE(1.0.0)
WEO Live 2013 October,IMF.RES.WEO,WEO_LIVE_2013_OCT_VINTAGE,1.0.0,IMF.RES.WEO:WEO_LIVE_2013_OCT_VINTAGE(1.0.0)
Fossil Fuel Subsidies,IMF.STA,FFS,1.0.2,IMF.STA:FFS(1.0.2)
GAS Live 2018 October GAS2,IMF.RES.GAS,GAS_LIVE_2018_OCT_GAS2_VINTAGE,1.0.0,IMF.RES.GAS:GAS_LIVE_2018_OCT_GAS2_VINTAGE(1.0.0)
GAS Live 2006 April Final,IMF.RES.GAS,GAS_LIVE_2006_APR_FINAL_VINTAGE,1.0.0,IMF.RES.GAS:GAS_LIVE_2006_APR_FINAL_VINTAGE(1.0.0)
WEO Live 2021 April,IMF.RES.WEO,WEO_LIVE_2021_APR_VINTAGE,1.0.0,IMF.RES.WEO:WEO_LIVE_2021_APR_VINTAGE(1.0.0)
WEO Live 2006 April,IMF.RES.WEO,WEO_LIVE_2006_APR_VINTAGE,1.0.0,IMF.RES.WEO:WEO_LIVE_2006_APR_VINTAGE(1.0.0)
GAS Live 2018 January GAS1c,IMF.RES.GAS,GAS_LIVE_2018_JAN_GAS1C_VINTAGE,1.0.0,IMF.RES.GAS:GAS_LIVE_2018_JAN_GAS1C_VINTAGE(1.0.0)
GEE Live 2019 July GAS1,IMF.RES.GEE,GEE_LIVE_2019_JUL_GAS1_VINTAGE,1.0.0,IMF.RES.GEE:GEE_LIVE_2019_JUL_GAS1_VINTAGE(1.0.0)
GEE Live 2016 July Final,IMF.RES.GEE,GEE_LIVE_2016_JUL_FINAL_VINTAGE,1.0.0,IMF.RES.GEE:GEE_LIVE_2016_JUL_FINAL_VINTAGE(1.0.0)
Effective Exchange Rates (ER) 2026 February,IMF.STA,EER_2026_FEB_VINTAGE,1.0.0,IMF.STA:EER_2026_FEB_VINTAGE(1.0.0)
Western Hemisphere Regional Economic Outlook (WHDREO),IMF.WHD,WHDREO,5.0.0,IMF.WHD:WHDREO(5.0.0)
WEO Live 2009 October,IMF.RES.WEO,WEO_LIVE_2009_OCT_VINTAGE,1.0.0,IMF.RES.WEO:WEO_LIVE_2009_OCT_VINTAGE(1.0.0)
"Monetary and Financial Statistics (MFS), Central Bank Data 2026 January",IMF.STA,MFS_CBS_2026_JAN_VINTAGE,1.0.0,IMF.STA:MFS_CBS_2026_JAN_VINTAGE(1.0.0)
WEO Live 2010 April,IMF.RES.WEO,WEO_LIVE_2010_APR_VINTAGE,1.0.0,IMF.RES.WEO:WEO_LIVE_2010_APR_VINTAGE(1.0.0)
WEO Live 2005 September,IMF.RES.WEO,WEO_LIVE_2005_SEP_VINTAGE,1.0.0,IMF.RES.WEO:WEO_LIVE_2005_SEP_VINTAGE(1.0.0)
Export Diversification (ED),IMF.RES,ED,1.0.0,IMF.RES:ED(1.0.0)
GAS Live 2005 September Final,IMF.RES.GAS,GAS_LIVE_2005_SEP_FINAL_VINTAGE,1.0.0,IMF.RES.GAS:GAS_LIVE_2005_SEP_FINAL_VINTAGE(1.0.0)
GEE Live 2016 October Final,IMF.RES.GEE,GEE_LIVE_2016_OCT_FINAL_VINTAGE,1.0.0,IMF.RES.GEE:GEE_LIVE_2016_OCT_FINAL_VINTAGE(1.0.0)
"Monetary and Financial Statistics (MFS), Financial Market Prices 2026 February",IMF.STA,MFS_FMP_2026_FEB_VINTAGE,1.0.0,IMF.STA:MFS_FMP_2026_FEB_VINTAGE(1.0.0)
GEE Live 2023 July Final,IMF.RES.GEE,GEE_LIVE_2023_JUL_FINAL_VINTAGE,1.0.0,IMF.RES.GEE:GEE_LIVE_2023_JUL_FINAL_VINTAGE(1.0.0)
GEE Live 2023 October Final,IMF.RES.GEE,GEE_LIVE_2023_OCT_FINAL_VINTAGE,1.0.0,IMF.RES.GEE:GEE_LIVE_2023_OCT_FINAL_VINTAGE(1.0.0)
IMF Reported SDG Data,IMF.STA,SDG,2.0.1,IMF.STA:SDG(2.0.1)
GEE Live 2023 January GAS1,IMF.RES.GEE,GEE_LIVE_2023_JAN_GAS1_VINTAGE,1.0.0,IMF.RES.GEE:GEE_LIVE_2023_JAN_GAS1_VINTAGE(1.0.0)
Effective Exchange Rates (ER) 2026 January,IMF.STA,EER_2026_JAN_VINTAGE,1.0.0,IMF.STA:EER_2026_JAN_VINTAGE(1.0.0)
WEO Live 1991 May,IMF.RES.WEO,WEO_LIVE_1991_MAY_VINTAGE,1.0.0,IMF.RES.WEO:WEO_LIVE_1991_MAY_VINTAGE(1.0.0)
WEO Live 2016 October,IMF.RES.WEO,WEO_LIVE_2016_OCT_VINTAGE,1.0.0,IMF.RES.WEO:WEO_LIVE_2016_OCT_VINTAGE(1.0.0)
WEO Live 2012 January,IMF.RES.WEO,WEO_LIVE_2012_JAN_VINTAGE,1.0.0,IMF.RES.WEO:WEO_LIVE_2012_JAN_VINTAGE(1.0.0)
Quarterly Government Finance Statistics (QGFS) 2026 February,IMF.STA,QGFS_2026_FEB_VINTAGE,1.0.0,IMF.STA:QGFS_2026_FEB_VINTAGE(1.0.0)
GEE Live 2026 April GAS2b,IMF.RES.GEE,GEE_LIVE_2026_APR_GAS2B_VINTAGE,1.0.0,IMF.RES.GEE:GEE_LIVE_2026_APR_GAS2B_VINTAGE(1.0.0)
Reported Social Unrest Index (RSUI),IMF.WHD,RSUI,1.0.0,IMF.WHD:RSUI(1.0.0)
GAS Live 2016 January GAS1b,IMF.RES.GAS,GAS_LIVE_2016_JAN_GAS1B_VINTAGE,1.0.0,IMF.RES.GAS:GAS_LIVE_2016_JAN_GAS1B_VINTAGE(1.0.0)
WEO Live 2004 April,IMF.RES.WEO,WEO_LIVE_2004_APR_VINTAGE,1.0.0,IMF.RES.WEO:WEO_LIVE_2004_APR_VINTAGE(1.0.0)
GAS Live 2026 April GAS2b,IMF.RES.GAS,GAS_LIVE_2026_APR_GAS2B_VINTAGE,1.0.0,IMF.RES.GAS:GAS_LIVE_2026_APR_GAS2B_VINTAGE(1.0.0)
GEE Live 2014 October GAS2,IMF.RES.GEE,GEE_LIVE_2014_OCT_GAS2_VINTAGE,1.0.0,IMF.RES.GEE:GEE_LIVE_2014_OCT_GAS2_VINTAGE(1.0.0)
"Production Indexes, World and Country Group Aggregates",IMF.STA,PI_WCA,1.0.0,IMF.STA:PI_WCA(1.0.0)
Financial Stress Index (FSI),IMF.RES,FSI,3.0.1,IMF.RES:FSI(3.0.1)
GAS Live 2014 January GAS1,IMF.RES.GAS,GAS_LIVE_2014_JAN_GAS1_VINTAGE,1.0.0,IMF.RES.GAS:GAS_LIVE_2014_JAN_GAS1_VINTAGE(1.0.0)
GAS Live 2015 April GAS3,IMF.RES.GAS,GAS_LIVE_2015_APR_GAS3_VINTAGE,1.0.0,IMF.RES.GAS:GAS_LIVE_2015_APR_GAS3_VINTAGE(1.0.0)
GAS Live 2017 October Final,IMF.RES.GAS,GAS_LIVE_2017_OCT_FINAL_VINTAGE,1.0.0,IMF.RES.GAS:GAS_LIVE_2017_OCT_FINAL_VINTAGE(1.0.0)
Asia and Pacific Regional Economic Outlook (APDREO) 2025 October,IMF.APD,APDREO_2025_OCT_VINTAGE,1.0.0,IMF.APD:APDREO_2025_OCT_VINTAGE(1.0.0)
GEE Live 2017 October Final,IMF.RES.GEE,GEE_LIVE_2017_OCT_FINAL_VINTAGE,1.0.0,IMF.RES.GEE:GEE_LIVE_2017_OCT_FINAL_VINTAGE(1.0.0)
WEO Live 2017 July,IMF.RES.WEO,WEO_LIVE_2017_JUL_VINTAGE,1.0.0,IMF.RES.WEO:WEO_LIVE_2017_JUL_VINTAGE(1.0.0)
ISORA 2018 Data,ISORA,ISORA_2018_DATA_PUB,2.0.0,ISORA:ISORA_2018_DATA_PUB(2.0.0)
Consumer Price Index (CPI),IMF.STA,CPI,5.0.0,IMF.STA:CPI(5.0.0)
GAS Live 2016 July GAS1,IMF.RES.GAS,GAS_LIVE_2016_JUL_GAS1_VINTAGE,1.0.0,IMF.RES.GAS:GAS_LIVE_2016_JUL_GAS1_VINTAGE(1.0.0)
GAS Live 2017 April GAS3,IMF.RES.GAS,GAS_LIVE_2017_APR_GAS3_VINTAGE,1.0.0,IMF.RES.GAS:GAS_LIVE_2017_APR_GAS3_VINTAGE(1.0.0)
GEE Live 2016 October GAS2,IMF.RES.GEE,GEE_LIVE_2016_OCT_GAS2_VINTAGE,1.0.0,IMF.RES.GEE:GEE_LIVE_2016_OCT_GAS2_VINTAGE(1.0.0)
WEO Live 2019 January,IMF.RES.WEO,WEO_LIVE_2019_JAN_VINTAGE,1.0.0,IMF.RES.WEO:WEO_LIVE_2019_JAN_VINTAGE(1.0.0)
GAS Live 2018 April Final,IMF.RES.GAS,GAS_LIVE_2018_APR_FINAL_VINTAGE,1.0.0,IMF.RES.GAS:GAS_LIVE_2018_APR_FINAL_VINTAGE(1.0.0)
WEO Live 2021 October,IMF.RES.WEO,WEO_LIVE_2021_OCT_VINTAGE,1.0.0,IMF.RES.WEO:WEO_LIVE_2021_OCT_VINTAGE(1.0.0)
GAS Live 2015 October GAS2,IMF.RES.GAS,GAS_LIVE_2015_OCT_GAS2_VINTAGE,1.0.0,IMF.RES.GAS:GAS_LIVE_2015_OCT_GAS2_VINTAGE(1.0.0)
WEO Live 1998 May,IMF.RES.WEO,WEO_LIVE_1998_MAY_VINTAGE,1.0.0,IMF.RES.WEO:WEO_LIVE_1998_MAY_VINTAGE(1.0.0)
GEE Live 2018 April Final,IMF.RES.GEE,GEE_LIVE_2018_APR_FINAL_VINTAGE,1.0.0,IMF.RES.GEE:GEE_LIVE_2018_APR_FINAL_VINTAGE(1.0.0)
"Unemployment rate by sex and age -- ILO modelled estimates, Nov. 2024",ILO,DF_UNE_2EAP_SEX_AGE_RT,1.0,ILO:DF_UNE_2EAP_SEX_AGE_RT(1.0)
WEO Live 2019 October (ICP2017PPP Weights),IMF.RES.WEO,WEO_LIVE_2019_OCT_ICP2017PPP_VINTAGE,1.0.0,IMF.RES.WEO:WEO_LIVE_2019_OCT_ICP2017PPP_VINTAGE(1.0.0)
WEO Live 2001 May,IMF.RES.WEO,WEO_LIVE_2001_MAY_VINTAGE,1.0.0,IMF.RES.WEO:WEO_LIVE_2001_MAY_VINTAGE(1.0.0)
GEE Live 2025 January GAS1,IMF.RES.GEE,GEE_LIVE_2025_JAN_GAS1_VINTAGE,1.0.0,IMF.RES.GEE:GEE_LIVE_2025_JAN_GAS1_VINTAGE(1.0.0)
Euro/ECU exchange rates - monthly data,ESTAT,ERT_BIL_EUR_M,1.0,ESTAT:ERT_BIL_EUR_M(1.0)
GAS Live 2024 January GAS1,IMF.RES.GAS,GAS_LIVE_2024_JAN_GAS1_VINTAGE,1.0.0,IMF.RES.GAS:GAS_LIVE_2024_JAN_GAS1_VINTAGE(1.0.0)
GEE Live 2024 October GAS2,IMF.RES.GEE,GEE_LIVE_2024_OCT_GAS2_VINTAGE,1.0.0,IMF.RES.GEE:GEE_LIVE_2024_OCT_GAS2_VINTAGE(1.0.0)
GAS Live 2025 April GAS3,IMF.RES.GAS,GAS_LIVE_2025_APR_GAS3_VINTAGE,1.0.0,IMF.RES.GAS:GAS_LIVE_2025_APR_GAS3_VINTAGE(1.0.0)
GEE Live 2025 July GAS1,IMF.RES.GEE,GEE_LIVE_2025_JUL_GAS1_VINTAGE,1.0.0,IMF.RES.GEE:GEE_LIVE_2025_JUL_GAS1_VINTAGE(1.0.0)
WEO Live 2022 October,IMF.RES.WEO,WEO_LIVE_2022_OCT_VINTAGE,1.0.0,IMF.RES.WEO:WEO_LIVE_2022_OCT_VINTAGE(1.0.0)
GEE Live 2021 April Final,IMF.RES.GEE,GEE_LIVE_2021_APR_FINAL_VINTAGE,1.0.0,IMF.RES.GEE:GEE_LIVE_2021_APR_FINAL_VINTAGE(1.0.0)
Global Data Source (GDS),IMF.RES.GDS,GDS,2.0.0,IMF.RES.GDS:GDS(2.0.0)
GAS Live 2021 April Final,IMF.RES.GAS,GAS_LIVE_2021_APR_FINAL_VINTAGE,1.0.0,IMF.RES.GAS:GAS_LIVE_2021_APR_FINAL_VINTAGE(1.0.0)
GEE Live 2014 October GAS3,IMF.RES.GEE,GEE_LIVE_2014_OCT_GAS3_VINTAGE,1.0.0,IMF.RES.GEE:GEE_LIVE_2014_OCT_GAS3_VINTAGE(1.0.0)
WEO Live 2003 April,IMF.RES.WEO,WEO_LIVE_2003_APR_VINTAGE,1.0.0,IMF.RES.WEO:WEO_LIVE_2003_APR_VINTAGE(1.0.0)
GAS Live 2017 April Final,IMF.RES.GAS,GAS_LIVE_2017_APR_FINAL_VINTAGE,1.0.0,IMF.RES.GAS:GAS_LIVE_2017_APR_FINAL_VINTAGE(1.0.0)
International Trade in Goods (ITG) 2026 January,IMF.STA,ITG_2026_JAN_VINTAGE,1.0.0,IMF.STA:ITG_2026_JAN_VINTAGE(1.0.0)
GEE Live 2019 July Final,IMF.RES.GEE,GEE_LIVE_2019_JUL_FINAL_VINTAGE,1.0.0,IMF.RES.GEE:GEE_LIVE_2019_JUL_FINAL_VINTAGE(1.0.0)
WEO Live 2025 January,IMF.RES.WEO,WEO_LIVE_2025_JAN_VINTAGE,1.0.0,IMF.RES.WEO:WEO_LIVE_2025_JAN_VINTAGE(1.0.0)
GEE Live 2025 January Final,IMF.RES.GEE,GEE_LIVE_2025_JAN_FINAL_VINTAGE,1.0.0,IMF.RES.GEE:GEE_LIVE_2025_JAN_FINAL_VINTAGE(1.0.0)
"Monetary and Financial Statistics (MFS), Monetary Aggregates 2026 January",IMF.STA,MFS_MA_2026_JAN_VINTAGE,1.0.0,IMF.STA:MFS_MA_2026_JAN_VINTAGE(1.0.0)
GAS Live 2020 October GAS2,IMF.RES.GAS,GAS_LIVE_2020_OCT_GAS2_VINTAGE,1.0.0,IMF.RES.GAS:GAS_LIVE_2020_OCT_GAS2_VINTAGE(1.0.0)
GAS Live 2013 April GAS3,IMF.RES.GAS,GAS_LIVE_2013_APR_GAS3_VINTAGE,1.0.0,IMF.RES.GAS:GAS_LIVE_2013_APR_GAS3_VINTAGE(1.0.0)
GEE Live 2014 October Final,IMF.RES.GEE,GEE_LIVE_2014_OCT_FINAL_VINTAGE,1.0.0,IMF.RES.GEE:GEE_LIVE_2014_OCT_FINAL_VINTAGE(1.0.0)
Sovereign Risk and Debt Sustainability Framework for Market Access Countries (DSA_SRDSF),IMF.SPR,DSA_SRDSF,9.0.0,IMF.SPR:DSA_SRDSF(9.0.0)
Sustainable Bonds by Type of Currency,IMF.STA,ESG_FINANCE_CURRENCY,3.0.3,IMF.STA:ESG_FINANCE_CURRENCY(3.0.3)
WEO Live 2022 July,IMF.RES.WEO,WEO_LIVE_2022_JUL_VINTAGE,1.0.0,IMF.RES.WEO:WEO_LIVE_2022_JUL_VINTAGE(1.0.0)
WEO Live 2026 April,IMF.RES.WEO,WEO_LIVE_2026_APR_VINTAGE,1.1.0,IMF.RES.WEO:WEO_LIVE_2026_APR_VINTAGE(1.1.0)
GAS Live 2016 January GAS1,IMF.RES.GAS,GAS_LIVE_2016_JAN_GAS1_VINTAGE,1.0.0,IMF.RES.GAS:GAS_LIVE_2016_JAN_GAS1_VINTAGE(1.0.0)
GEE Live 2025 July GAS1b,IMF.RES.GEE,GEE_LIVE_2025_JUL_GAS1B_VINTAGE,1.0.0,IMF.RES.GEE:GEE_LIVE_2025_JUL_GAS1B_VINTAGE(1.0.0)
Production Indexes (PI) 2026 January,IMF.STA,PI_2026_JAN_VINTAGE,1.0.0,IMF.STA:PI_2026_JAN_VINTAGE(1.0.0)
GEE Live 2022 April GAS3,IMF.RES.GEE,GEE_LIVE_2022_APR_GAS3_VINTAGE,1.0.0,IMF.RES.GEE:GEE_LIVE_2022_APR_GAS3_VINTAGE(1.0.0)
WEO Live 2018 January,IMF.RES.WEO,WEO_LIVE_2018_JAN_VINTAGE,1.0.0,IMF.RES.WEO:WEO_LIVE_2018_JAN_VINTAGE(1.0.0)
"International Trade in Goods, World and Country Aggregates 2026 February",IMF.STA,ITG_WCA_2026_FEB_VINTAGE,1.0.0,IMF.STA:ITG_WCA_2026_FEB_VINTAGE(1.0.0)
GEE Live 2012 October GAS2,IMF.RES.GEE,GEE_LIVE_2012_OCT_GAS2_VINTAGE,1.0.0,IMF.RES.GEE:GEE_LIVE_2012_OCT_GAS2_VINTAGE(1.0.0)
GAS Live 2014 July GAS1,IMF.RES.GAS,GAS_LIVE_2014_JUL_GAS1_VINTAGE,1.0.0,IMF.RES.GAS:GAS_LIVE_2014_JUL_GAS1_VINTAGE(1.0.0)
GEE Live 2006 September Final,IMF.RES.GEE,GEE_LIVE_2006_SEP_FINAL_VINTAGE,1.0.0,IMF.RES.GEE:GEE_LIVE_2006_SEP_FINAL_VINTAGE(1.0.0)
GAS Live 2022 January GAS1c,IMF.RES.GAS,GAS_LIVE_2022_JAN_GAS1C_VINTAGE,1.0.0,IMF.RES.GAS:GAS_LIVE_2022_JAN_GAS1C_VINTAGE(1.0.0)
SDG indicator 8.2.1 - Annual growth rate of output per worker (GDP constant 2021 international $ at PPP),ILO,DF_SDG_0821_NOC_RT,1.0,ILO:DF_SDG_0821_NOC_RT(1.0)
Commodity Forecast (PCPSF),IMF.RES,PCPSF,8.0.0,IMF.RES:PCPSF(8.0.0)
GEE Live 2022 October GAS2,IMF.RES.GEE,GEE_LIVE_2022_OCT_GAS2_VINTAGE,1.0.0,IMF.RES.GEE:GEE_LIVE_2022_OCT_GAS2_VINTAGE(1.0.0)
Carbon Footprint of Bank Loans,IMF.STA,CFBL,1.0.3,IMF.STA:CFBL(1.0.3)
Fund Accounts (FA) 2026 February,IMF.STA,FA_2026_FEB_VINTAGE,1.0.0,IMF.STA:FA_2026_FEB_VINTAGE(1.0.0)
GAS Live 2013 October GAS2,IMF.RES.GAS,GAS_LIVE_2013_OCT_GAS2_VINTAGE,1.0.0,IMF.RES.GAS:GAS_LIVE_2013_OCT_GAS2_VINTAGE(1.0.0)
GEE Live 2023 July GAS1,IMF.RES.GEE,GEE_LIVE_2023_JUL_GAS1_VINTAGE,1.0.0,IMF.RES.GEE:GEE_LIVE_2023_JUL_GAS1_VINTAGE(1.0.0)
"Quarterly Gross Domestic Product (GDP), World and Country Aggregates 2026 January",IMF.STA,QGDP_WCA_2026_JAN_VINTAGE,1.0.0,IMF.STA:QGDP_WCA_2026_JAN_VINTAGE(1.0.0)
GEE Live 2013 October Final,IMF.RES.GEE,GEE_LIVE_2013_OCT_FINAL_VINTAGE,1.0.0,IMF.RES.GEE:GEE_LIVE_2013_OCT_FINAL_VINTAGE(1.0.0)
Primary Commodity Price System (PCPS),IMF.RES,PCPS,9.0.0,IMF.RES:PCPS(9.0.0)
GAS Live 2018 January GAS1,IMF.RES.GAS,GAS_LIVE_2018_JAN_GAS1_VINTAGE,1.0.0,IMF.RES.GAS:GAS_LIVE_2018_JAN_GAS1_VINTAGE(1.0.0)
GEE Live 2025 April GAS3b,IMF.RES.GEE,GEE_LIVE_2025_APR_GAS3B_VINTAGE,1.0.0,IMF.RES.GEE:GEE_LIVE_2025_APR_GAS3B_VINTAGE(1.0.0)
GAS Live 2023 April GAS3,IMF.RES.GAS,GAS_LIVE_2023_APR_GAS3_VINTAGE,1.0.0,IMF.RES.GAS:GAS_LIVE_2023_APR_GAS3_VINTAGE(1.0.0)
GEE Live 2020 October Final,IMF.RES.GEE,GEE_LIVE_2020_OCT_FINAL_VINTAGE,1.0.0,IMF.RES.GEE:GEE_LIVE_2020_OCT_FINAL_VINTAGE(1.0.0)
GEE Live 2024 April GAS3,IMF.RES.GEE,GEE_LIVE_2024_APR_GAS3_VINTAGE,1.0.0,IMF.RES.GEE:GEE_LIVE_2024_APR_GAS3_VINTAGE(1.0.0)
GEE Live 2012 October GAS3,IMF.RES.GEE,GEE_LIVE_2012_OCT_GAS3_VINTAGE,1.0.0,IMF.RES.GEE:GEE_LIVE_2012_OCT_GAS3_VINTAGE(1.0.0)
GAS Live 2022 April GAS3b,IMF.RES.GAS,GAS_LIVE_2022_APR_GAS3B_VINTAGE,1.0.0,IMF.RES.GAS:GAS_LIVE_2022_APR_GAS3B_VINTAGE(1.0.0)
WEO Live 1999 September,IMF.RES.WEO,WEO_LIVE_1999_SEP_VINTAGE,1.0.0,IMF.RES.WEO:WEO_LIVE_1999_SEP_VINTAGE(1.0.0)
WEO Live 2024 July,IMF.RES.WEO,WEO_LIVE_2024_JUL_VINTAGE,1.0.0,IMF.RES.WEO:WEO_LIVE_2024_JUL_VINTAGE(1.0.0)
Gender Statistics (GS) Labor and Income,IMF.STA,GS_LI,1.0.0,IMF.STA:GS_LI(1.0.0)
Western Hemisphere Regional Economic Outlook (WHDREO) 2025 October,IMF.WHD,WHDREO_2025_OCT_VINTAGE,1.0.0,IMF.WHD:WHDREO_2025_OCT_VINTAGE(1.0.0)
GAS Live 2026 January GAS1,IMF.RES.GAS,GAS_LIVE_2026_JAN_GAS1_VINTAGE,1.0.0,IMF.RES.GAS:GAS_LIVE_2026_JAN_GAS1_VINTAGE(1.0.0)
GAS Live 2010 June GAS0,IMF.RES.GAS,GAS_LIVE_2010_JUN_GAS0_VINTAGE,1.0.0,IMF.RES.GAS:GAS_LIVE_2010_JUN_GAS0_VINTAGE(1.0.0)
GAS Live 2016 October Final,IMF.RES.GAS,GAS_LIVE_2016_OCT_FINAL_VINTAGE,1.0.0,IMF.RES.GAS:GAS_LIVE_2016_OCT_FINAL_VINTAGE(1.0.0)
Balance of Payments (BOP) 2026 January,IMF.STA,BOP_2026_JAN_VINTAGE,1.0.0,IMF.STA:BOP_2026_JAN_VINTAGE(1.0.0)
WEO Live 2005 April,IMF.RES.WEO,WEO_LIVE_2005_APR_VINTAGE,1.0.0,IMF.RES.WEO:WEO_LIVE_2005_APR_VINTAGE(1.0.0)
GAS Live 2025 April GAS2,IMF.RES.GAS,GAS_LIVE_2025_APR_GAS2_VINTAGE,1.0.0,IMF.RES.GAS:GAS_LIVE_2025_APR_GAS2_VINTAGE(1.0.0)
WEO Live 2011 April,IMF.RES.WEO,WEO_LIVE_2011_APR_VINTAGE,1.0.0,IMF.RES.WEO:WEO_LIVE_2011_APR_VINTAGE(1.0.0)
GEE Live 2023 April GAS2,IMF.RES.GEE,GEE_LIVE_2023_APR_GAS2_VINTAGE,1.0.0,IMF.RES.GEE:GEE_LIVE_2023_APR_GAS2_VINTAGE(1.0.0)
GAS Live 2014 April GAS2,IMF.RES.GAS,GAS_LIVE_2014_APR_GAS2_VINTAGE,1.0.0,IMF.RES.GAS:GAS_LIVE_2014_APR_GAS2_VINTAGE(1.0.0)
Environmental Taxes,IMF.STA,ENVTX,1.0.2,IMF.STA:ENVTX(1.0.2)
GEE Live 2003 September Final,IMF.RES.GEE,GEE_LIVE_2003_SEP_FINAL_VINTAGE,1.0.0,IMF.RES.GEE:GEE_LIVE_2003_SEP_FINAL_VINTAGE(1.0.0)
World Economic Outlook (WEO) 2025 October,IMF.RES,WEO_2025_OCT_VINTAGE,1.0.0,IMF.RES:WEO_2025_OCT_VINTAGE(1.0.0)
GEE Live 2020 October GAS2,IMF.RES.GEE,GEE_LIVE_2020_OCT_GAS2_VINTAGE,1.0.0,IMF.RES.GEE:GEE_LIVE_2020_OCT_GAS2_VINTAGE(1.0.0)
GAS Live 2024 April Final,IMF.RES.GAS,GAS_LIVE_2024_APR_FINAL_VINTAGE,1.0.0,IMF.RES.GAS:GAS_LIVE_2024_APR_FINAL_VINTAGE(1.0.0)
GEE Live 2018 January GAS1,IMF.RES.GEE,GEE_LIVE_2018_JAN_GAS1_VINTAGE,1.0.0,IMF.RES.GEE:GEE_LIVE_2018_JAN_GAS1_VINTAGE(1.0.0)
WEO Live 2020 June,IMF.RES.WEO,WEO_LIVE_2020_JUN_VINTAGE,1.0.0,IMF.RES.WEO:WEO_LIVE_2020_JUN_VINTAGE(1.0.0)
Labor Statistics (LS) 2026 January,IMF.STA,LS_2026_JAN_VINTAGE,1.0.0,IMF.STA:LS_2026_JAN_VINTAGE(1.0.0)
GAS Live 2018 October GAS3,IMF.RES.GAS,GAS_LIVE_2018_OCT_GAS3_VINTAGE,1.0.0,IMF.RES.GAS:GAS_LIVE_2018_OCT_GAS3_VINTAGE(1.0.0)
International Liquidity (IL),IMF.STA,IL,13.0.1,IMF.STA:IL(13.0.1)
GAS Live 2022 October GAS2,IMF.RES.GAS,GAS_LIVE_2022_OCT_GAS2_VINTAGE,1.0.0,IMF.RES.GAS:GAS_LIVE_2022_OCT_GAS2_VINTAGE(1.0.0)
"Monetary and Financial Statistics (MFS), Interest Rate 2026 February",IMF.STA,MFS_IR_2026_FEB_VINTAGE,1.0.0,IMF.STA:MFS_IR_2026_FEB_VINTAGE(1.0.0)
GAS Live 2020 January GAS1,IMF.RES.GAS,GAS_LIVE_2020_JAN_GAS1_VINTAGE,1.0.0,IMF.RES.GAS:GAS_LIVE_2020_JAN_GAS1_VINTAGE(1.0.0)
Climate Change Indicators,IMF.STA,CCI,4.0.1,IMF.STA:CCI(4.0.1)
GAS Live 2021 April GAS3,IMF.RES.GAS,GAS_LIVE_2021_APR_GAS3_VINTAGE,1.0.0,IMF.RES.GAS:GAS_LIVE_2021_APR_GAS3_VINTAGE(1.0.0)
WEO Live 2020 April,IMF.RES.WEO,WEO_LIVE_2020_APR_VINTAGE,1.0.0,IMF.RES.WEO:WEO_LIVE_2020_APR_VINTAGE(1.0.0)
Trade in Low Carbon Technology Goods (TEG),IMF.STA,TEG,3.0.2,IMF.STA:TEG(3.0.2)
GEE Live 2016 January GAS1,IMF.RES.GEE,GEE_LIVE_2016_JAN_GAS1_VINTAGE,1.0.0,IMF.RES.GEE:GEE_LIVE_2016_JAN_GAS1_VINTAGE(1.0.0)
Renewable Energy,IMF.STA,RE,2.0.1,IMF.STA:RE(2.0.1)
WEO Live 2015 July,IMF.RES.WEO,WEO_LIVE_2015_JUL_VINTAGE,1.0.0,IMF.RES.WEO:WEO_LIVE_2015_JUL_VINTAGE(1.0.0)
Labor Statistics (LS),IMF.STA,LS,9.0.0,IMF.STA:LS(9.0.0)
GAS Live 2024 October GAS2,IMF.RES.GAS,GAS_LIVE_2024_OCT_GAS2_VINTAGE,1.0.0,IMF.RES.GAS:GAS_LIVE_2024_OCT_GAS2_VINTAGE(1.0.0)
"Monetary and Financial Statistics (MFS), Financial Market Prices 2026 January",IMF.STA,MFS_FMP_2026_JAN_VINTAGE,1.0.0,IMF.STA:MFS_FMP_2026_JAN_VINTAGE(1.0.0)
GEE Live 2021 January Final,IMF.RES.GEE,GEE_LIVE_2021_JAN_FINAL_VINTAGE,1.0.0,IMF.RES.GEE:GEE_LIVE_2021_JAN_FINAL_VINTAGE(1.0.0)
GEE Live 2014 January Final,IMF.RES.GEE,GEE_LIVE_2014_JAN_FINAL_VINTAGE,1.0.0,IMF.RES.GEE:GEE_LIVE_2014_JAN_FINAL_VINTAGE(1.0.0)
WEO Live 2016 July,IMF.RES.WEO,WEO_LIVE_2016_JUL_VINTAGE,1.0.0,IMF.RES.WEO:WEO_LIVE_2016_JUL_VINTAGE(1.0.0)
Export Quality (EQ),IMF.RES,EQ,2.0.0,IMF.RES:EQ(2.0.0)
GEE Live 2025 April Final,IMF.RES.GEE,GEE_LIVE_2025_APR_FINAL_VINTAGE,1.0.0,IMF.RES.GEE:GEE_LIVE_2025_APR_FINAL_VINTAGE(1.0.0)
GAS Live 2007 April Final,IMF.RES.GAS,GAS_LIVE_2007_APR_FINAL_VINTAGE,1.0.0,IMF.RES.GAS:GAS_LIVE_2007_APR_FINAL_VINTAGE(1.0.0)
GAS Live 2012 April GAS2,IMF.RES.GAS,GAS_LIVE_2012_APR_GAS2_VINTAGE,1.0.0,IMF.RES.GAS:GAS_LIVE_2012_APR_GAS2_VINTAGE(1.0.0)
WEO Live 2011 January,IMF.RES.WEO,WEO_LIVE_2011_JAN_VINTAGE,1.0.0,IMF.RES.WEO:WEO_LIVE_2011_JAN_VINTAGE(1.0.0)
GAS Live 2014 April Final,IMF.RES.GAS,GAS_LIVE_2014_APR_FINAL_VINTAGE,1.0.0,IMF.RES.GAS:GAS_LIVE_2014_APR_FINAL_VINTAGE(1.0.0)
WEO Live 2023 October,IMF.RES.WEO,WEO_LIVE_2023_OCT_VINTAGE,1.0.0,IMF.RES.WEO:WEO_LIVE_2023_OCT_VINTAGE(1.0.0)
GEE Live 2007 April Final,IMF.RES.GEE,GEE_LIVE_2007_APR_FINAL_VINTAGE,1.0.0,IMF.RES.GEE:GEE_LIVE_2007_APR_FINAL_VINTAGE(1.0.0)
"Consensus Forecasts (CF), Monthly",IMF.CSF,CF_M,16.0.0,IMF.CSF:CF_M(16.0.0)
GEE Live 2014 April Final,IMF.RES.GEE,GEE_LIVE_2014_APR_FINAL_VINTAGE,1.0.0,IMF.RES.GEE:GEE_LIVE_2014_APR_FINAL_VINTAGE(1.0.0)
GEE Live 2004 April Final,IMF.RES.GEE,GEE_LIVE_2004_APR_FINAL_VINTAGE,1.0.0,IMF.RES.GEE:GEE_LIVE_2004_APR_FINAL_VINTAGE(1.0.0)
GAS Live 2011 January GAS0,IMF.RES.GAS,GAS_LIVE_2011_JAN_GAS0_VINTAGE,1.0.0,IMF.RES.GAS:GAS_LIVE_2011_JAN_GAS0_VINTAGE(1.0.0)
Euro/ECU exchange rates - annual data,ESTAT,ERT_BIL_EUR_A,1.0,ESTAT:ERT_BIL_EUR_A(1.0)
WEO Live 1992 October,IMF.RES.WEO,WEO_LIVE_1992_OCT_VINTAGE,1.0.0,IMF.RES.WEO:WEO_LIVE_1992_OCT_VINTAGE(1.0.0)
International Reserves and Foreign Currency Liquidity (IRFCL),IMF.STA,IRFCL,11.0.0,IMF.STA:IRFCL(11.0.0)
Effective Exchange Rate (EER),IMF.STA,EER,6.0.0,IMF.STA:EER(6.0.0)
GEE Live 2025 October GAS3,IMF.RES.GEE,GEE_LIVE_2025_OCT_GAS3_VINTAGE,1.0.0,IMF.RES.GEE:GEE_LIVE_2025_OCT_GAS3_VINTAGE(1.0.0)
GAS Live 2022 January GAS1,IMF.RES.GAS,GAS_LIVE_2022_JAN_GAS1_VINTAGE,1.0.0,IMF.RES.GAS:GAS_LIVE_2022_JAN_GAS1_VINTAGE(1.0.0)
Gender,UNICEF,GENDER,1.0,UNICEF:GENDER(1.0)
GAS Live 2016 October GAS3,IMF.RES.GAS,GAS_LIVE_2016_OCT_GAS3_VINTAGE,1.0.0,IMF.RES.GAS:GAS_LIVE_2016_OCT_GAS3_VINTAGE(1.0.0)
GEE Live 2020 April GAS3d,IMF.RES.GEE,GEE_LIVE_2020_APR_GAS3D_VINTAGE,1.0.0,IMF.RES.GEE:GEE_LIVE_2020_APR_GAS3D_VINTAGE(1.0.0)
Gross value added and income by detailed industry (NACE Rev.2 ),ESTAT,NAMA_10_A64,1.0,ESTAT:NAMA_10_A64(1.0)
Climate-Driven INFORM Risk Indicator,IMF.STA,INFORMRISK,1.0.4,IMF.STA:INFORMRISK(1.0.4)
WEO Live 2015 October,IMF.RES.WEO,WEO_LIVE_2015_OCT_VINTAGE,1.0.0,IMF.RES.WEO:WEO_LIVE_2015_OCT_VINTAGE(1.0.0)
WEO Live 1992 May,IMF.RES.WEO,WEO_LIVE_1992_MAY_VINTAGE,1.0.0,IMF.RES.WEO:WEO_LIVE_1992_MAY_VINTAGE(1.0.0)
GEE Live 2021 April GAS2,IMF.RES.GEE,GEE_LIVE_2021_APR_GAS2_VINTAGE,1.0.0,IMF.RES.GEE:GEE_LIVE_2021_APR_GAS2_VINTAGE(1.0.0)
"CO2 emissions embodied in domestic final demand, production, and trade (CO2E)",IMF.STA,CO2E,2.0.1,IMF.STA:CO2E(2.0.1)
GAS Live 2006 September Final,IMF.RES.GAS,GAS_LIVE_2006_SEP_FINAL_VINTAGE,1.0.0,IMF.RES.GAS:GAS_LIVE_2006_SEP_FINAL_VINTAGE(1.0.0)
GEE Live 2024 October Final,IMF.RES.GEE,GEE_LIVE_2024_OCT_FINAL_VINTAGE,1.0.0,IMF.RES.GEE:GEE_LIVE_2024_OCT_FINAL_VINTAGE(1.0.0)
"Financial Soundness Indicators (FSI), Country Metadata Table 2",IMF.STA,FSI_COUNTRY_METADATA_TABLE_2,3.0.0,IMF.STA:FSI_COUNTRY_METADATA_TABLE_2(3.0.0)
WEO Live 2012 April,IMF.RES.WEO,WEO_LIVE_2012_APR_VINTAGE,1.0.0,IMF.RES.WEO:WEO_LIVE_2012_APR_VINTAGE(1.0.0)
Cross-sector indicators,UNICEF,GLOBAL_DATAFLOW,1.0,UNICEF:GLOBAL_DATAFLOW(1.0)
GEE Live 2015 July Final,IMF.RES.GEE,GEE_LIVE_2015_JUL_FINAL_VINTAGE,1.0.0,IMF.RES.GEE:GEE_LIVE_2015_JUL_FINAL_VINTAGE(1.0.0)
GEE Live 2019 April GAS2,IMF.RES.GEE,GEE_LIVE_2019_APR_GAS2_VINTAGE,1.0.0,IMF.RES.GEE:GEE_LIVE_2019_APR_GAS2_VINTAGE(1.0.0)
GEE Live 2010 October Final,IMF.RES.GEE,GEE_LIVE_2010_OCT_FINAL_VINTAGE,1.0.0,IMF.RES.GEE:GEE_LIVE_2010_OCT_FINAL_VINTAGE(1.0.0)
WEO Live 2023 July,IMF.RES.WEO,WEO_LIVE_2023_JUL_VINTAGE,1.0.0,IMF.RES.WEO:WEO_LIVE_2023_JUL_VINTAGE(1.0.0)
Carbon Emission Per Unit of Output (CO2EEIEM),IMF.STA,CO2EEIEM,2.0.2,IMF.STA:CO2EEIEM(2.0.2)
GAS Live 2025 April GAS3b,IMF.RES.GAS,GAS_LIVE_2025_APR_GAS3B_VINTAGE,1.0.0,IMF.RES.GAS:GAS_LIVE_2025_APR_GAS3B_VINTAGE(1.0.0)
GAS Live 2020 October Final,IMF.RES.GAS,GAS_LIVE_2020_OCT_FINAL_VINTAGE,1.0.0,IMF.RES.GAS:GAS_LIVE_2020_OCT_FINAL_VINTAGE(1.0.0)
WEO Live 2019 April,IMF.RES.WEO,WEO_LIVE_2019_APR_VINTAGE,1.0.0,IMF.RES.WEO:WEO_LIVE_2019_APR_VINTAGE(1.0.0)
Balance of Payments (BOP),IMF.STA,BOP,21.0.0,IMF.STA:BOP(21.0.0)
GAS Live 2013 October Final,IMF.RES.GAS,GAS_LIVE_2013_OCT_FINAL_VINTAGE,1.0.0,IMF.RES.GAS:GAS_LIVE_2013_OCT_FINAL_VINTAGE(1.0.0)
GEE Live 2014 January GAS1,IMF.RES.GEE,GEE_LIVE_2014_JAN_GAS1_VINTAGE,1.0.0,IMF.RES.GEE:GEE_LIVE_2014_JAN_GAS1_VINTAGE(1.0.0)
GEE Live 2018 October GAS2,IMF.RES.GEE,GEE_LIVE_2018_OCT_GAS2_VINTAGE,1.0.0,IMF.RES.GEE:GEE_LIVE_2018_OCT_GAS2_VINTAGE(1.0.0)
GAS Live 2019 April GAS3,IMF.RES.GAS,GAS_LIVE_2019_APR_GAS3_VINTAGE,1.0.0,IMF.RES.GAS:GAS_LIVE_2019_APR_GAS3_VINTAGE(1.0.0)
Gender Statistics (GS) Legal Rights,IMF.STA,GS_LGRGHTS,1.0.1,IMF.STA:GS_LGRGHTS(1.0.1)
Import prices in industry - monthly data,ESTAT,STS_INPI_M,1.0,ESTAT:STS_INPI_M(1.0)
"National Economic Accounts (NEA), Quarterly Data 2026 January",IMF.STA,QNEA_2026_JAN_VINTAGE,1.0.0,IMF.STA:QNEA_2026_JAN_VINTAGE(1.0.0)
GAS Live 2018 July GAS1,IMF.RES.GAS,GAS_LIVE_2018_JUL_GAS1_VINTAGE,1.0.0,IMF.RES.GAS:GAS_LIVE_2018_JUL_GAS1_VINTAGE(1.0.0)
International Trade in Goods (by partner country) (IMTS),IMF.STA,IMTS,1.0.0,IMF.STA:IMTS(1.0.0)
GEE Live 2022 April GAS3b,IMF.RES.GEE,GEE_LIVE_2022_APR_GAS3B_VINTAGE,1.0.0,IMF.RES.GEE:GEE_LIVE_2022_APR_GAS3B_VINTAGE(1.0.0)
GEE Live 2007 October Final,IMF.RES.GEE,GEE_LIVE_2007_OCT_FINAL_VINTAGE,1.0.0,IMF.RES.GEE:GEE_LIVE_2007_OCT_FINAL_VINTAGE(1.0.0)
GEE Live 2012 January GAS1,IMF.RES.GEE,GEE_LIVE_2012_JAN_GAS1_VINTAGE,1.0.0,IMF.RES.GEE:GEE_LIVE_2012_JAN_GAS1_VINTAGE(1.0.0)
GEE Live 2020 June Final,IMF.RES.GEE,GEE_LIVE_2020_JUN_FINAL_VINTAGE,1.0.0,IMF.RES.GEE:GEE_LIVE_2020_JUN_FINAL_VINTAGE(1.0.0)
GAS Live 2024 October GAS3,IMF.RES.GAS,GAS_LIVE_2024_OCT_GAS3_VINTAGE,1.0.0,IMF.RES.GAS:GAS_LIVE_2024_OCT_GAS3_VINTAGE(1.0.0)
GAS Live 2020 April GAS3c,IMF.RES.GAS,GAS_LIVE_2020_APR_GAS3C_VINTAGE,1.0.0,IMF.RES.GAS:GAS_LIVE_2020_APR_GAS3C_VINTAGE(1.0.0)
GEE Live 2016 July GAS1,IMF.RES.GEE,GEE_LIVE_2016_JUL_GAS1_VINTAGE,1.0.0,IMF.RES.GEE:GEE_LIVE_2016_JUL_GAS1_VINTAGE(1.0.0)
WEO Live 2025 April,IMF.RES.WEO,WEO_LIVE_2025_APR_VINTAGE,1.0.0,IMF.RES.WEO:WEO_LIVE_2025_APR_VINTAGE(1.0.0)
GAS Live 2017 July GAS1,IMF.RES.GAS,GAS_LIVE_2017_JUL_GAS1_VINTAGE,1.0.0,IMF.RES.GAS:GAS_LIVE_2017_JUL_GAS1_VINTAGE(1.0.0)
GEE Live 2015 October GAS2,IMF.RES.GEE,GEE_LIVE_2015_OCT_GAS2_VINTAGE,1.0.0,IMF.RES.GEE:GEE_LIVE_2015_OCT_GAS2_VINTAGE(1.0.0)
GEE Live 2023 October GAS3,IMF.RES.GEE,GEE_LIVE_2023_OCT_GAS3_VINTAGE,1.0.0,IMF.RES.GEE:GEE_LIVE_2023_OCT_GAS3_VINTAGE(1.0.0)
GAS Live 2016 October GAS2,IMF.RES.GAS,GAS_LIVE_2016_OCT_GAS2_VINTAGE,1.0.0,IMF.RES.GAS:GAS_LIVE_2016_OCT_GAS2_VINTAGE(1.0.0)
GEE Live 2019 January Final,IMF.RES.GEE,GEE_LIVE_2019_JAN_FINAL_VINTAGE,1.0.0,IMF.RES.GEE:GEE_LIVE_2019_JAN_FINAL_VINTAGE(1.0.0)
WEO Live 2025 October,IMF.RES.WEO,WEO_LIVE_2025_OCT_VINTAGE,1.0.0,IMF.RES.WEO:WEO_LIVE_2025_OCT_VINTAGE(1.0.0)
GAS Live 2010 April Final,IMF.RES.GAS,GAS_LIVE_2010_APR_FINAL_VINTAGE,1.0.0,IMF.RES.GAS:GAS_LIVE_2010_APR_FINAL_VINTAGE(1.0.0)
Carbon Rates,IMF.STA,CRBRATE,2.0.2,IMF.STA:CRBRATE(2.0.2)
Monetary and Financial Statistics (MFS): Financial Market Prices,IMF.STA,MFS_FMP,3.0.0,IMF.STA:MFS_FMP(3.0.0)
GFS Statement of Operations,IMF.STA,GFS_SOO,12.0.0,IMF.STA:GFS_SOO(12.0.0)
GEE Live 2017 January Final,IMF.RES.GEE,GEE_LIVE_2017_JAN_FINAL_VINTAGE,1.0.0,IMF.RES.GEE:GEE_LIVE_2017_JAN_FINAL_VINTAGE(1.0.0)
GAS Live 2021 April GAS2,IMF.RES.GAS,GAS_LIVE_2021_APR_GAS2_VINTAGE,1.0.0,IMF.RES.GAS:GAS_LIVE_2021_APR_GAS2_VINTAGE(1.0.0)
"Monetary and Financial Statistics (MFS), Financial Corporations 2026 January",IMF.STA,MFS_FC_2026_JAN_VINTAGE,1.0.0,IMF.STA:MFS_FC_2026_JAN_VINTAGE(1.0.0)
Potential labour force by sex and age,ILO,DF_EIP_WPLF_SEX_AGE_NB,1.0,ILO:DF_EIP_WPLF_SEX_AGE_NB(1.0)
GAS Live 2011 April Final,IMF.RES.GAS,GAS_LIVE_2011_APR_FINAL_VINTAGE,1.0.0,IMF.RES.GAS:GAS_LIVE_2011_APR_FINAL_VINTAGE(1.0.0)
GEE Live 2008 October Final,IMF.RES.GEE,GEE_LIVE_2008_OCT_FINAL_VINTAGE,1.0.0,IMF.RES.GEE:GEE_LIVE_2008_OCT_FINAL_VINTAGE(1.0.0)
WEO Live 2020 April (ICP2017PPP Weights),IMF.RES.WEO,WEO_LIVE_2020_APR_ICP2017PPP_VINTAGE,1.0.0,IMF.RES.WEO:WEO_LIVE_2020_APR_ICP2017PPP_VINTAGE(1.0.0)
WEO Live 2000 April,IMF.RES.WEO,WEO_LIVE_2000_APR_VINTAGE,1.0.0,IMF.RES.WEO:WEO_LIVE_2000_APR_VINTAGE(1.0.0)
GAS Live 2025 October Final,IMF.RES.GAS,GAS_LIVE_2025_OCT_FINAL_VINTAGE,1.0.0,IMF.RES.GAS:GAS_LIVE_2025_OCT_FINAL_VINTAGE(1.0.0)
GAS Live 2023 January GAS1,IMF.RES.GAS,GAS_LIVE_2023_JAN_GAS1_VINTAGE,1.0.0,IMF.RES.GAS:GAS_LIVE_2023_JAN_GAS1_VINTAGE(1.0.0)
GEE Live 2025 October GAS2,IMF.RES.GEE,GEE_LIVE_2025_OCT_GAS2_VINTAGE,1.0.0,IMF.RES.GEE:GEE_LIVE_2025_OCT_GAS2_VINTAGE(1.0.0)
WEO Live 2019 October,IMF.RES.WEO,WEO_LIVE_2019_OCT_VINTAGE,1.0.0,IMF.RES.WEO:WEO_LIVE_2019_OCT_VINTAGE(1.0.0)
Financial Access Survey (FAS),IMF.STA,FAS,5.0.0,IMF.STA:FAS(5.0.0)
Public Sector Balance Sheet (PSBS),IMF.FAD,PSBS,2.0.0,IMF.FAD:PSBS(2.0.0)
WEO Live 2024 April (ICP2021PPP Weights),IMF.RES.WEO,WEO_LIVE_2024_APR_ICP2021PPP_VINTAGE,1.0.0,IMF.RES.WEO:WEO_LIVE_2024_APR_ICP2021PPP_VINTAGE(1.0.0)
Nights spent at tourist accommodation establishments - monthly data,ESTAT,TOUR_OCC_NIM,1.0,ESTAT:TOUR_OCC_NIM(1.0)
Quarterly Government Finance Statistics (QGFS) 2026 January,IMF.STA,QGFS_2026_JAN_VINTAGE,1.0.0,IMF.STA:QGFS_2026_JAN_VINTAGE(1.0.0)
"National Economic Accounts (NEA), Annual Data 2026 February",IMF.STA,ANEA_2026_FEB_VINTAGE,1.0.0,IMF.STA:ANEA_2026_FEB_VINTAGE(1.0.0)
World Economic Outlook (WEO),IMF.RES,WEO,9.0.0,IMF.RES:WEO(9.0.0)
International Investment Position (IIP) 2026 January,IMF.STA,IIP_2026_JAN_VINTAGE,1.0.0,IMF.STA:IIP_2026_JAN_VINTAGE(1.0.0)
World Economic Outlook (WEO) Live,IMF.RES.WEO,WEO_LIVE,3.0.0,IMF.RES.WEO:WEO_LIVE(3.0.0)
GEE Live 2018 January Final,IMF.RES.GEE,GEE_LIVE_2018_JAN_FINAL_VINTAGE,1.0.0,IMF.RES.GEE:GEE_LIVE_2018_JAN_FINAL_VINTAGE(1.0.0)
WEO Live 2000 September,IMF.RES.WEO,WEO_LIVE_2000_SEP_VINTAGE,1.0.0,IMF.RES.WEO:WEO_LIVE_2000_SEP_VINTAGE(1.0.0)
GAS Live 2014 October GAS3,IMF.RES.GAS,GAS_LIVE_2014_OCT_GAS3_VINTAGE,1.0.0,IMF.RES.GAS:GAS_LIVE_2014_OCT_GAS3_VINTAGE(1.0.0)
Currency Composition of the International Investment Position (IIPCC),IMF.STA,IIPCC,13.0.0,IMF.STA:IIPCC(13.0.0)
Global Assumptions (GAS) Live,IMF.RES.GAS,GAS_LIVE,3.0.0,IMF.RES.GAS:GAS_LIVE(3.0.0)
WEO Live 2020 January (ICP2017PPP Weights),IMF.RES.WEO,WEO_LIVE_2020_JAN_ICP2017PPP_VINTAGE,1.0.0,IMF.RES.WEO:WEO_LIVE_2020_JAN_ICP2017PPP_VINTAGE(1.0.0)
"Monetary and Financial Statistics (MFS), Other Depository Corporations 2026 February",IMF.STA,MFS_ODC_2026_FEB_VINTAGE,1.0.0,IMF.STA:MFS_ODC_2026_FEB_VINTAGE(1.0.0)
GAS Live 2024 April GAS3,IMF.RES.GAS,GAS_LIVE_2024_APR_GAS3_VINTAGE,1.0.0,IMF.RES.GAS:GAS_LIVE_2024_APR_GAS3_VINTAGE(1.0.0)
GEE Live 2015 April GAS2,IMF.RES.GEE,GEE_LIVE_2015_APR_GAS2_VINTAGE,1.0.0,IMF.RES.GEE:GEE_LIVE_2015_APR_GAS2_VINTAGE(1.0.0)
GAS Live 2017 January GAS1,IMF.RES.GAS,GAS_LIVE_2017_JAN_GAS1_VINTAGE,1.0.0,IMF.RES.GAS:GAS_LIVE_2017_JAN_GAS1_VINTAGE(1.0.0)
GAS Live 2016 July GAS1b,IMF.RES.GAS,GAS_LIVE_2016_JUL_GAS1B_VINTAGE,1.0.0,IMF.RES.GAS:GAS_LIVE_2016_JUL_GAS1B_VINTAGE(1.0.0)
"Monetary and Financial Statistics (MFS), Depository Corporations 2026 January",IMF.STA,MFS_DC_2026_JAN_VINTAGE,1.0.0,IMF.STA:MFS_DC_2026_JAN_VINTAGE(1.0.0)
GAS Live 2016 April GAS2,IMF.RES.GAS,GAS_LIVE_2016_APR_GAS2_VINTAGE,1.0.0,IMF.RES.GAS:GAS_LIVE_2016_APR_GAS2_VINTAGE(1.0.0)
Consumer Price Index (CPI) 2026 January,IMF.STA,CPI_2026_JAN_VINTAGE,1.0.0,IMF.STA:CPI_2026_JAN_VINTAGE(1.0.0)
GEE Live 2005 October Final,IMF.RES.GEE,GEE_LIVE_2005_OCT_FINAL_VINTAGE,1.0.0,IMF.RES.GEE:GEE_LIVE_2005_OCT_FINAL_VINTAGE(1.0.0)
GEE Live 2025 April GAS2,IMF.RES.GEE,GEE_LIVE_2025_APR_GAS2_VINTAGE,1.0.0,IMF.RES.GEE:GEE_LIVE_2025_APR_GAS2_VINTAGE(1.0.0)
GAS Live 2024 October Final,IMF.RES.GAS,GAS_LIVE_2024_OCT_FINAL_VINTAGE,1.0.0,IMF.RES.GAS:GAS_LIVE_2024_OCT_FINAL_VINTAGE(1.0.0)
"Monetary and Financial Statistics (MFS), Other Financial Corporations 2026 January",IMF.STA,MFS_OFC_2026_JAN_VINTAGE,1.0.0,IMF.STA:MFS_OFC_2026_JAN_VINTAGE(1.0.0)
WEO Live 2024 April,IMF.RES.WEO,WEO_LIVE_2024_APR_VINTAGE,1.0.0,IMF.RES.WEO:WEO_LIVE_2024_APR_VINTAGE(1.0.0)
GAS Live 2010 October Final,IMF.RES.GAS,GAS_LIVE_2010_OCT_FINAL_VINTAGE,1.0.0,IMF.RES.GAS:GAS_LIVE_2010_OCT_FINAL_VINTAGE(1.0.0)
"Consumer Price Index (CPI), World and Country Aggregates (CPI_WCA) 2026 January",IMF.STA,CPI_WCA_2026_JAN_VINTAGE,1.0.0,IMF.STA:CPI_WCA_2026_JAN_VINTAGE(1.0.0)
WEO Live 1998 October,IMF.RES.WEO,WEO_LIVE_1998_OCT_VINTAGE,1.0.0,IMF.RES.WEO:WEO_LIVE_1998_OCT_VINTAGE(1.0.0)
WEO Live 1995 May,IMF.RES.WEO,WEO_LIVE_1995_MAY_VINTAGE,1.0.0,IMF.RES.WEO:WEO_LIVE_1995_MAY_VINTAGE(1.0.0)
GAS Live 2021 October GAS2,IMF.RES.GAS,GAS_LIVE_2021_OCT_GAS2_VINTAGE,1.0.0,IMF.RES.GAS:GAS_LIVE_2021_OCT_GAS2_VINTAGE(1.0.0)
GAS Live 2010 June GAS1,IMF.RES.GAS,GAS_LIVE_2010_JUN_GAS1_VINTAGE,1.0.0,IMF.RES.GAS:GAS_LIVE_2010_JUN_GAS1_VINTAGE(1.0.0)
Bloomberg Data License,IMF.CSF,BBGDL,4.0.2,IMF.CSF:BBGDL(4.0.2)
GAS Live 2011 June GAS0,IMF.RES.GAS,GAS_LIVE_2011_JUN_GAS0_VINTAGE,1.0.0,IMF.RES.GAS:GAS_LIVE_2011_JUN_GAS0_VINTAGE(1.0.0)
Global Economic Environment (GEE) Live,IMF.RES.GEE,GEE_LIVE,1.0.0,IMF.RES.GEE:GEE_LIVE(1.0.0)
GEE Live 2013 October GAS3,IMF.RES.GEE,GEE_LIVE_2013_OCT_GAS3_VINTAGE,1.0.0,IMF.RES.GEE:GEE_LIVE_2013_OCT_GAS3_VINTAGE(1.0.0)
WEO Live 2026 January,IMF.RES.WEO,WEO_LIVE_2026_JAN_VINTAGE,1.1.0,IMF.RES.WEO:WEO_LIVE_2026_JAN_VINTAGE(1.1.0)
Producer Price Index (PPI) 2026 February,IMF.STA,PPI_2026_FEB_VINTAGE,1.0.0,IMF.STA:PPI_2026_FEB_VINTAGE(1.0.0)
GAS Live 2022 July GAS1,IMF.RES.GAS,GAS_LIVE_2022_JUL_GAS1_VINTAGE,1.0.0,IMF.RES.GAS:GAS_LIVE_2022_JUL_GAS1_VINTAGE(1.0.0)
GEE Live 2006 April Final,IMF.RES.GEE,GEE_LIVE_2006_APR_FINAL_VINTAGE,1.0.0,IMF.RES.GEE:GEE_LIVE_2006_APR_FINAL_VINTAGE(1.0.0)
GAS Live 2022 January GAS1b,IMF.RES.GAS,GAS_LIVE_2022_JAN_GAS1B_VINTAGE,1.0.0,IMF.RES.GAS:GAS_LIVE_2022_JAN_GAS1B_VINTAGE(1.0.0)
GEE Live 2023 April GAS3,IMF.RES.GEE,GEE_LIVE_2023_APR_GAS3_VINTAGE,1.0.0,IMF.RES.GEE:GEE_LIVE_2023_APR_GAS3_VINTAGE(1.0.0)
WEO Live 2024 January (ICP2021PPP Weights),IMF.RES.WEO,WEO_LIVE_2024_JAN_ICP2021PPP_VINTAGE,1.0.0,IMF.RES.WEO:WEO_LIVE_2024_JAN_ICP2021PPP_VINTAGE(1.0.0)
GAS Live 2012 October GAS2,IMF.RES.GAS,GAS_LIVE_2012_OCT_GAS2_VINTAGE,1.0.0,IMF.RES.GAS:GAS_LIVE_2012_OCT_GAS2_VINTAGE(1.0.0)
GEE Live 2022 July GAS1,IMF.RES.GEE,GEE_LIVE_2022_JUL_GAS1_VINTAGE,1.0.0,IMF.RES.GEE:GEE_LIVE_2022_JUL_GAS1_VINTAGE(1.0.0)
GAS Live 2014 April GAS3,IMF.RES.GAS,GAS_LIVE_2014_APR_GAS3_VINTAGE,1.0.0,IMF.RES.GAS:GAS_LIVE_2014_APR_GAS3_VINTAGE(1.0.0)
GAS Live 2013 July GAS1,IMF.RES.GAS,GAS_LIVE_2013_JUL_GAS1_VINTAGE,1.0.0,IMF.RES.GAS:GAS_LIVE_2013_JUL_GAS1_VINTAGE(1.0.0)
World Development Indicators,WB,WDI,1.0.0,WB:WDI(1.0.0)
International Trade in Goods (by partner country) (IMTS) 2025 December,IMF.STA,IMTS_2025_DEC_VINTAGE,1.0.0,IMF.STA:IMTS_2025_DEC_VINTAGE(1.0.0)
WEO Live 1993 May,IMF.RES.WEO,WEO_LIVE_1993_MAY_VINTAGE,1.0.0,IMF.RES.WEO:WEO_LIVE_1993_MAY_VINTAGE(1.0.0)
WEO Live 2018 April,IMF.RES.WEO,WEO_LIVE_2018_APR_VINTAGE,1.0.0,IMF.RES.WEO:WEO_LIVE_2018_APR_VINTAGE(1.0.0)
GAS Live 2023 October Final,IMF.RES.GAS,GAS_LIVE_2023_OCT_FINAL_VINTAGE,1.0.0,IMF.RES.GAS:GAS_LIVE_2023_OCT_FINAL_VINTAGE(1.0.0)
WEO Live 2001 October,IMF.RES.WEO,WEO_LIVE_2001_OCT_VINTAGE,1.0.0,IMF.RES.WEO:WEO_LIVE_2001_OCT_VINTAGE(1.0.0)
"Monetary and Financial Statistics (MFS), Monetary Aggregates",IMF.STA,MFS_MA,10.0.1,IMF.STA:MFS_MA(10.0.1)
GDP and main aggregates - international data cooperation quarterly data,ESTAT,NAIDQ_10_GDP,1.0,ESTAT:NAIDQ_10_GDP(1.0)
WEO Live 1996 October,IMF.RES.WEO,WEO_LIVE_1996_OCT_VINTAGE,1.0.0,IMF.RES.WEO:WEO_LIVE_1996_OCT_VINTAGE(1.0.0)
GAS Live 2020 October GAS3,IMF.RES.GAS,GAS_LIVE_2020_OCT_GAS3_VINTAGE,1.0.0,IMF.RES.GAS:GAS_LIVE_2020_OCT_GAS3_VINTAGE(1.0.0)
IMF-Adapted ND-GAIN Index (NDGAIN),IMF.STA,NDGAIN,1.0.1,IMF.STA:NDGAIN(1.0.1)
GEE Live 2005 April Final,IMF.RES.GEE,GEE_LIVE_2005_APR_FINAL_VINTAGE,1.0.0,IMF.RES.GEE:GEE_LIVE_2005_APR_FINAL_VINTAGE(1.0.0)
Euro/ECU exchange rates - daily data,ESTAT,ERT_BIL_EUR_D,1.0,ESTAT:ERT_BIL_EUR_D(1.0)
GAS Live 2012 July GAS1,IMF.RES.GAS,GAS_LIVE_2012_JUL_GAS1_VINTAGE,1.0.0,IMF.RES.GAS:GAS_LIVE_2012_JUL_GAS1_VINTAGE(1.0.0)
GAS Live 2021 October Final,IMF.RES.GAS,GAS_LIVE_2021_OCT_FINAL_VINTAGE,1.0.0,IMF.RES.GAS:GAS_LIVE_2021_OCT_FINAL_VINTAGE(1.0.0)
GAS Live 2023 July GAS1,IMF.RES.GAS,GAS_LIVE_2023_JUL_GAS1_VINTAGE,1.0.0,IMF.RES.GAS:GAS_LIVE_2023_JUL_GAS1_VINTAGE(1.0.0)
"Monetary and Financial Statistics (MFS), Depository Corporations 2026 February",IMF.STA,MFS_DC_2026_FEB_VINTAGE,1.0.0,IMF.STA:MFS_DC_2026_FEB_VINTAGE(1.0.0)
HICP - monthly data (index),ESTAT,PRC_HICP_MIDX,1.0,ESTAT:PRC_HICP_MIDX(1.0)
GEE Live 2017 October GAS3,IMF.RES.GEE,GEE_LIVE_2017_OCT_GAS3_VINTAGE,1.0.0,IMF.RES.GEE:GEE_LIVE_2017_OCT_GAS3_VINTAGE(1.0.0)
Crypto-based Parallel Exchange Rates (Working Paper dataset WP-CPER),IMF.STA,WPCPER,6.0.0,IMF.STA:WPCPER(6.0.0)
"Balance of Payments and International Investment Position Statistics (BOP/IIP), World and Country Group Aggregates",IMF.STA,BOP_AGG,9.0.1,IMF.STA:BOP_AGG(9.0.1)
"Monetary and Financial Statistics (MFS), Other Depository Corporations 2026 January",IMF.STA,MFS_ODC_2026_JAN_VINTAGE,1.0.0,IMF.STA:MFS_ODC_2026_JAN_VINTAGE(1.0.0)
"Monetary and Financial Statistics (MFS), Other Financial Corporations 2026 February",IMF.STA,MFS_OFC_2026_FEB_VINTAGE,1.0.0,IMF.STA:MFS_OFC_2026_FEB_VINTAGE(1.0.0)
GEE Live 2013 January Final,IMF.RES.GEE,GEE_LIVE_2013_JAN_FINAL_VINTAGE,1.0.0,IMF.RES.GEE:GEE_LIVE_2013_JAN_FINAL_VINTAGE(1.0.0)
Portfolio Investment Positions by Counterpart Economy (formerly CPIS),IMF.STA,PIP,5.0.0,IMF.STA:PIP(5.0.0)
National Summary Data Page (NSDP),IMF.STA,NSDP,7.0.0,IMF.STA:NSDP(7.0.0)
WEO Live 2002 April,IMF.RES.WEO,WEO_LIVE_2002_APR_VINTAGE,1.0.0,IMF.RES.WEO:WEO_LIVE_2002_APR_VINTAGE(1.0.0)
GAS Live 2012 October Final,IMF.RES.GAS,GAS_LIVE_2012_OCT_FINAL_VINTAGE,1.0.0,IMF.RES.GAS:GAS_LIVE_2012_OCT_FINAL_VINTAGE(1.0.0)
ISORA Latest Data,ISORA,ISORA_LATEST_DATA_PUB,4.0.0,ISORA:ISORA_LATEST_DATA_PUB(4.0.0)
GEE Live 2021 July GAS1,IMF.RES.GEE,GEE_LIVE_2021_JUL_GAS1_VINTAGE,1.0.0,IMF.RES.GEE:GEE_LIVE_2021_JUL_GAS1_VINTAGE(1.0.0)
WEO Live 2011 June,IMF.RES.WEO,WEO_LIVE_2011_JUN_VINTAGE,1.0.0,IMF.RES.WEO:WEO_LIVE_2011_JUN_VINTAGE(1.0.0)
International Investment Position (IIP),IMF.STA,IIP,13.0.0,IMF.STA:IIP(13.0.0)
GAS Live 2015 April Final,IMF.RES.GAS,GAS_LIVE_2015_APR_FINAL_VINTAGE,1.0.0,IMF.RES.GAS:GAS_LIVE_2015_APR_FINAL_VINTAGE(1.0.0)
Monetary Policy Frameworks Toolkit (MPFT),IMF.RES,MPFT,7.0.1,IMF.RES:MPFT(7.0.1)
GEE Live 2020 April GAS2b,IMF.RES.GEE,GEE_LIVE_2020_APR_GAS2B_VINTAGE,1.0.0,IMF.RES.GEE:GEE_LIVE_2020_APR_GAS2B_VINTAGE(1.0.0)
GEE Live 2018 April GAS3,IMF.RES.GEE,GEE_LIVE_2018_APR_GAS3_VINTAGE,1.0.0,IMF.RES.GEE:GEE_LIVE_2018_APR_GAS3_VINTAGE(1.0.0)
GEE Live 2004 September Final,IMF.RES.GEE,GEE_LIVE_2004_SEP_FINAL_VINTAGE,1.0.0,IMF.RES.GEE:GEE_LIVE_2004_SEP_FINAL_VINTAGE(1.0.0)
WEO Live 2010 January,IMF.RES.WEO,WEO_LIVE_2010_JAN_VINTAGE,1.0.0,IMF.RES.WEO:WEO_LIVE_2010_JAN_VINTAGE(1.0.0)
Currency Composition of Official Foreign Exchange Reserves (COFER),IMF.STA,COFER,7.0.1,IMF.STA:COFER(7.0.1)
GEE Live 2011 September Final,IMF.RES.GEE,GEE_LIVE_2011_SEP_FINAL_VINTAGE,1.0.0,IMF.RES.GEE:GEE_LIVE_2011_SEP_FINAL_VINTAGE(1.0.0)
Producer Price Index (PPI) 2026 January,IMF.STA,PPI_2026_JAN_VINTAGE,1.0.0,IMF.STA:PPI_2026_JAN_VINTAGE(1.0.0)
GAS Live 2025 April Final,IMF.RES.GAS,GAS_LIVE_2025_APR_FINAL_VINTAGE,1.0.0,IMF.RES.GAS:GAS_LIVE_2025_APR_FINAL_VINTAGE(1.0.0)
GAS Live 2021 January GAS1b,IMF.RES.GAS,GAS_LIVE_2021_JAN_GAS1B_VINTAGE,1.0.0,IMF.RES.GAS:GAS_LIVE_2021_JAN_GAS1B_VINTAGE(1.0.0)
WEO Live 2017 October,IMF.RES.WEO,WEO_LIVE_2017_OCT_VINTAGE,1.0.0,IMF.RES.WEO:WEO_LIVE_2017_OCT_VINTAGE(1.0.0)
"Monetary and Financial Statistics (MFS), Interest Rate",IMF.STA,MFS_IR,8.0.1,IMF.STA:MFS_IR(8.0.1)
"Unemployment rate by sex and age, seasonally adjusted series (Sub-annual)",ILO,DF_UNE_DEA1_SEX_AGE_RT,1.0,ILO:DF_UNE_DEA1_SEX_AGE_RT(1.0)
GEE Live 2017 April GAS3,IMF.RES.GEE,GEE_LIVE_2017_APR_GAS3_VINTAGE,1.0.0,IMF.RES.GEE:GEE_LIVE_2017_APR_GAS3_VINTAGE(1.0.0)
Production Indexes (PI) 2026 February,IMF.STA,PI_2026_FEB_VINTAGE,1.0.0,IMF.STA:PI_2026_FEB_VINTAGE(1.0.0)
Historical Public Debt (HPD),IMF.FAD,HPD,1.0.0,IMF.FAD:HPD(1.0.0)
GAS Live 2014 October Final,IMF.RES.GAS,GAS_LIVE_2014_OCT_FINAL_VINTAGE,1.0.0,IMF.RES.GAS:GAS_LIVE_2014_OCT_FINAL_VINTAGE(1.0.0)
WEO Live 2024 October,IMF.RES.WEO,WEO_LIVE_2024_OCT_VINTAGE,1.0.0,IMF.RES.WEO:WEO_LIVE_2024_OCT_VINTAGE(1.0.0)
Methane Emissions in the Energy Sector,IMF.STA,MEES,2.0.0,IMF.STA:MEES(2.0.0)
Labor Statistics (LS) 2026 February,IMF.STA,LS_2026_FEB_VINTAGE,1.0.0,IMF.STA:LS_2026_FEB_VINTAGE(1.0.0)
WEO Live 2025 July,IMF.RES.WEO,WEO_LIVE_2025_JUL_VINTAGE,1.0.0,IMF.RES.WEO:WEO_LIVE_2025_JUL_VINTAGE(1.0.0)
WEO Live 2017 April,IMF.RES.WEO,WEO_LIVE_2017_APR_VINTAGE,1.0.0,IMF.RES.WEO:WEO_LIVE_2017_APR_VINTAGE(1.0.0)
"Monetary and Financial Statistics (MFS), Financial Corporations 2026 February",IMF.STA,MFS_FC_2026_FEB_VINTAGE,1.0.0,IMF.STA:MFS_FC_2026_FEB_VINTAGE(1.0.0)
GEE Live 2021 January GAS1,IMF.RES.GEE,GEE_LIVE_2021_JAN_GAS1_VINTAGE,1.0.0,IMF.RES.GEE:GEE_LIVE_2021_JAN_GAS1_VINTAGE(1.0.0)
Sustainable Bonds by Type of Issuer,IMF.STA,ESG_FINANCE_ISSUER,2.0.3,IMF.STA:ESG_FINANCE_ISSUER(2.0.3)
GEE Live 2008 April Final,IMF.RES.GEE,GEE_LIVE_2008_APR_FINAL_VINTAGE,1.0.0,IMF.RES.GEE:GEE_LIVE_2008_APR_FINAL_VINTAGE(1.0.0)
GEE Live 2015 January Final,IMF.RES.GEE,GEE_LIVE_2015_JAN_FINAL_VINTAGE,1.0.0,IMF.RES.GEE:GEE_LIVE_2015_JAN_FINAL_VINTAGE(1.0.0)
Persons outside the labour force by sex and age,ILO,DF_EIP_TEIP_SEX_AGE_NB,1.0,ILO:DF_EIP_TEIP_SEX_AGE_NB(1.0)
GEE Live 2023 April GAS3b,IMF.RES.GEE,GEE_LIVE_2023_APR_GAS3B_VINTAGE,1.0.0,IMF.RES.GEE:GEE_LIVE_2023_APR_GAS3B_VINTAGE(1.0.0)
International Investment Position (IIP) 2026 February,IMF.STA,IIP_2026_FEB_VINTAGE,1.0.0,IMF.STA:IIP_2026_FEB_VINTAGE(1.0.0)
Forward Looking Transition Risk Indicators,IMF.STA,FLTRI,2.0.1,IMF.STA:FLTRI(2.0.1)
GEE Live 2003 April Final,IMF.RES.GEE,GEE_LIVE_2003_APR_FINAL_VINTAGE,1.0.0,IMF.RES.GEE:GEE_LIVE_2003_APR_FINAL_VINTAGE(1.0.0)
WEO Live 2010 July,IMF.RES.WEO,WEO_LIVE_2010_JUL_VINTAGE,1.0.0,IMF.RES.WEO:WEO_LIVE_2010_JUL_VINTAGE(1.0.0)
GEE Live 2022 January GAS1c,IMF.RES.GEE,GEE_LIVE_2022_JAN_GAS1C_VINTAGE,1.0.0,IMF.RES.GEE:GEE_LIVE_2022_JAN_GAS1C_VINTAGE(1.0.0)
GAS Live 2020 April Final,IMF.RES.GAS,GAS_LIVE_2020_APR_FINAL_VINTAGE,1.0.0,IMF.RES.GAS:GAS_LIVE_2020_APR_FINAL_VINTAGE(1.0.0)
GEE Live 2022 July GAS1b,IMF.RES.GEE,GEE_LIVE_2022_JUL_GAS1B_VINTAGE,1.0.0,IMF.RES.GEE:GEE_LIVE_2022_JUL_GAS1B_VINTAGE(1.0.0)
GEE Live 2018 October GAS3,IMF.RES.GEE,GEE_LIVE_2018_OCT_GAS3_VINTAGE,1.0.0,IMF.RES.GEE:GEE_LIVE_2018_OCT_GAS3_VINTAGE(1.0.0)
GAS Live 2013 April Final,IMF.RES.GAS,GAS_LIVE_2013_APR_FINAL_VINTAGE,1.0.0,IMF.RES.GAS:GAS_LIVE_2013_APR_FINAL_VINTAGE(1.0.0)
WEO Live 1994 May,IMF.RES.WEO,WEO_LIVE_1994_MAY_VINTAGE,1.0.0,IMF.RES.WEO:WEO_LIVE_1994_MAY_VINTAGE(1.0.0)
WEO Live 1997 October,IMF.RES.WEO,WEO_LIVE_1997_OCT_VINTAGE,1.0.0,IMF.RES.WEO:WEO_LIVE_1997_OCT_VINTAGE(1.0.0)
GAS Live 2012 January GAS1,IMF.RES.GAS,GAS_LIVE_2012_JAN_GAS1_VINTAGE,1.0.0,IMF.RES.GAS:GAS_LIVE_2012_JAN_GAS1_VINTAGE(1.0.0)
GAS Live 2013 January GAS1,IMF.RES.GAS,GAS_LIVE_2013_JAN_GAS1_VINTAGE,1.0.0,IMF.RES.GAS:GAS_LIVE_2013_JAN_GAS1_VINTAGE(1.0.0)
GEE Live 2009 October Final,IMF.RES.GEE,GEE_LIVE_2009_OCT_FINAL_VINTAGE,1.0.0,IMF.RES.GEE:GEE_LIVE_2009_OCT_FINAL_VINTAGE(1.0.0)
Sustainable Bonds,IMF.STA,ESG_FINANCE,2.0.3,IMF.STA:ESG_FINANCE(2.0.3)
GAS Live 2017 October GAS2,IMF.RES.GAS,GAS_LIVE_2017_OCT_GAS2_VINTAGE,1.0.0,IMF.RES.GAS:GAS_LIVE_2017_OCT_GAS2_VINTAGE(1.0.0)
"Monetary and Financial Statistics (MFS), Monetary Aggregates 2026 February",IMF.STA,MFS_MA_2026_FEB_VINTAGE,1.0.0,IMF.STA:MFS_MA_2026_FEB_VINTAGE(1.0.0)
Fiscal Space Assessment (FSA),IMF.SPR,FSA,2.0.1,IMF.SPR:FSA(2.0.1)
GAS Live 2025 October GAS3,IMF.RES.GAS,GAS_LIVE_2025_OCT_GAS3_VINTAGE,1.0.0,IMF.RES.GAS:GAS_LIVE_2025_OCT_GAS3_VINTAGE(1.0.0)
Tax and Benefits Analysis Tool (TAXFIT),IMF.FAD,TAXFIT,3.0.1,IMF.FAD:TAXFIT(3.0.1)
GEE Live 2014 April GAS3,IMF.RES.GEE,GEE_LIVE_2014_APR_GAS3_VINTAGE,1.0.0,IMF.RES.GEE:GEE_LIVE_2014_APR_GAS3_VINTAGE(1.0.0)
WEO Live 1994 October,IMF.RES.WEO,WEO_LIVE_1994_OCT_VINTAGE,1.0.0,IMF.RES.WEO:WEO_LIVE_1994_OCT_VINTAGE(1.0.0)
WEO Live 2016 April,IMF.RES.WEO,WEO_LIVE_2016_APR_VINTAGE,1.0.0,IMF.RES.WEO:WEO_LIVE_2016_APR_VINTAGE(1.0.0)
GAS Live 2013 October GAS3,IMF.RES.GAS,GAS_LIVE_2013_OCT_GAS3_VINTAGE,1.0.0,IMF.RES.GAS:GAS_LIVE_2013_OCT_GAS3_VINTAGE(1.0.0)
GAS Live 2019 April GAS2,IMF.RES.GAS,GAS_LIVE_2019_APR_GAS2_VINTAGE,1.0.0,IMF.RES.GAS:GAS_LIVE_2019_APR_GAS2_VINTAGE(1.0.0)
GEE Live 2022 October GAS3,IMF.RES.GEE,GEE_LIVE_2022_OCT_GAS3_VINTAGE,1.0.0,IMF.RES.GEE:GEE_LIVE_2022_OCT_GAS3_VINTAGE(1.0.0)
International Trade in Services (ITS),IMF.RES,ITS,3.0.1,IMF.RES:ITS(3.0.1)
GAS Live 2020 April GAS2,IMF.RES.GAS,GAS_LIVE_2020_APR_GAS2_VINTAGE,1.0.0,IMF.RES.GAS:GAS_LIVE_2020_APR_GAS2_VINTAGE(1.0.0)
GEE Live 2019 April Final,IMF.RES.GEE,GEE_LIVE_2019_APR_FINAL_VINTAGE,1.0.0,IMF.RES.GEE:GEE_LIVE_2019_APR_FINAL_VINTAGE(1.0.0)
GEE Live 2015 July GAS1,IMF.RES.GEE,GEE_LIVE_2015_JUL_GAS1_VINTAGE,1.0.0,IMF.RES.GEE:GEE_LIVE_2015_JUL_GAS1_VINTAGE(1.0.0)
Government Policy Indicators (GPI),IMF.STA,GPI,3.0.1,IMF.STA:GPI(3.0.1)
GEE Live 2015 January GAS1b,IMF.RES.GEE,GEE_LIVE_2015_JAN_GAS1B_VINTAGE,1.0.0,IMF.RES.GEE:GEE_LIVE_2015_JAN_GAS1B_VINTAGE(1.0.0)
Gender Statistics (GS) Education,IMF.STA,GS_ED,3.0.0,IMF.STA:GS_ED(3.0.0)
WEO Live 2014 April (ICP2011PPP Weights),IMF.RES.WEO,WEO_LIVE_2014_APR_ICP2011PPP_VINTAGE,1.0.0,IMF.RES.WEO:WEO_LIVE_2014_APR_ICP2011PPP_VINTAGE(1.0.0)
"Monetary and Financial Statistics (MFS), Central Bank Data",IMF.STA,MFS_CBS,24.0.0,IMF.STA:MFS_CBS(24.0.0)
"Monetary and Financial Statistics (MFS), Other Financial Corporations",IMF.STA,MFS_OFC,7.0.0,IMF.STA:MFS_OFC(7.0.0)
GEE Live 2017 July GAS1,IMF.RES.GEE,GEE_LIVE_2017_JUL_GAS1_VINTAGE,1.0.0,IMF.RES.GEE:GEE_LIVE_2017_JUL_GAS1_VINTAGE(1.0.0)
"Monetary and Financial Statistics (MFS), Non-Standard Data",IMF.STA,MFS_NSRF,1.0.3,IMF.STA:MFS_NSRF(1.0.3)
Fund Accounts (FA),IMF.STA,FA,8.0.0,IMF.STA:FA(8.0.0)
GAS Live 2023 October GAS3,IMF.RES.GAS,GAS_LIVE_2023_OCT_GAS3_VINTAGE,1.0.0,IMF.RES.GAS:GAS_LIVE_2023_OCT_GAS3_VINTAGE(1.0.0)
HICP - item weights,ESTAT,PRC_HICP_INW,1.0,ESTAT:PRC_HICP_INW(1.0)
GEE Live 2015 October Final,IMF.RES.GEE,GEE_LIVE_2015_OCT_FINAL_VINTAGE,1.0.0,IMF.RES.GEE:GEE_LIVE_2015_OCT_FINAL_VINTAGE(1.0.0)
Special Purpose Entities (SPEs) 2026 January,IMF.STA,SPE_2026_JAN_VINTAGE,1.0.0,IMF.STA:SPE_2026_JAN_VINTAGE(1.0.0)
WEO Live 2024 July (ICP2021PPP Weights),IMF.RES.WEO,WEO_LIVE_2024_JUL_ICP2021PPP_VINTAGE,1.0.0,IMF.RES.WEO:WEO_LIVE_2024_JUL_ICP2021PPP_VINTAGE(1.0.0)
GEE Live 2024 October GAS3,IMF.RES.GEE,GEE_LIVE_2024_OCT_GAS3_VINTAGE,1.0.0,IMF.RES.GEE:GEE_LIVE_2024_OCT_GAS3_VINTAGE(1.0.0)
GAS Live 2018 October Final,IMF.RES.GAS,GAS_LIVE_2018_OCT_FINAL_VINTAGE,1.0.0,IMF.RES.GAS:GAS_LIVE_2018_OCT_FINAL_VINTAGE(1.0.0)
Financial Development Index (FDI),IMF.MCM,FDI,1.0.0,IMF.MCM:FDI(1.0.0)
Government Environmental Protection Expenditures,IMF.STA,GENENVPROEXP,1.0.2,IMF.STA:GENENVPROEXP(1.0.2)
Combined rate of unemployment and potential labour force (LU3) by sex and age,ILO,DF_LUU_XLU3_SEX_AGE_RT,1.0,ILO:DF_LUU_XLU3_SEX_AGE_RT(1.0)
WEO Live 2010 October,IMF.RES.WEO,WEO_LIVE_2010_OCT_VINTAGE,1.0.0,IMF.RES.WEO:WEO_LIVE_2010_OCT_VINTAGE(1.0.0)
WEO Live 2024 January,IMF.RES.WEO,WEO_LIVE_2024_JAN_VINTAGE,1.0.0,IMF.RES.WEO:WEO_LIVE_2024_JAN_VINTAGE(1.0.0)
"Consumer Price Index (CPI), World and Country Aggregates (CPI_WCA) 2026 February",IMF.STA,CPI_WCA_2026_FEB_VINTAGE,1.0.0,IMF.STA:CPI_WCA_2026_FEB_VINTAGE(1.0.0)
GEE Live 2018 October Final,IMF.RES.GEE,GEE_LIVE_2018_OCT_FINAL_VINTAGE,1.0.0,IMF.RES.GEE:GEE_LIVE_2018_OCT_FINAL_VINTAGE(1.0.0)
GAS Live 2017 April GAS2,IMF.RES.GAS,GAS_LIVE_2017_APR_GAS2_VINTAGE,1.0.0,IMF.RES.GAS:GAS_LIVE_2017_APR_GAS2_VINTAGE(1.0.0)
WEO Live 1997 May,IMF.RES.WEO,WEO_LIVE_1997_MAY_VINTAGE,1.0.0,IMF.RES.WEO:WEO_LIVE_1997_MAY_VINTAGE(1.0.0)
GEE Live 2018 April GAS2,IMF.RES.GEE,GEE_LIVE_2018_APR_GAS2_VINTAGE,1.0.0,IMF.RES.GEE:GEE_LIVE_2018_APR_GAS2_VINTAGE(1.0.0)
GEE Live 2013 July GAS1,IMF.RES.GEE,GEE_LIVE_2013_JUL_GAS1_VINTAGE,1.0.0,IMF.RES.GEE:GEE_LIVE_2013_JUL_GAS1_VINTAGE(1.0.0)
Investment and Capital Stock Dataset (ICSD),IMF.FAD,ICSD,1.0.0,IMF.FAD:ICSD(1.0.0)
GEE Live 2019 October Final,IMF.RES.GEE,GEE_LIVE_2019_OCT_FINAL_VINTAGE,1.0.0,IMF.RES.GEE:GEE_LIVE_2019_OCT_FINAL_VINTAGE(1.0.0)
GEE Live 2018 January GAS1b,IMF.RES.GEE,GEE_LIVE_2018_JAN_GAS1B_VINTAGE,1.0.0,IMF.RES.GEE:GEE_LIVE_2018_JAN_GAS1B_VINTAGE(1.0.0)
"Monetary and Financial Statistics (MFS), Financial Corporations",IMF.STA,MFS_FC,9.0.0,IMF.STA:MFS_FC(9.0.0)
WEO Live 2002 September,IMF.RES.WEO,WEO_LIVE_2002_SEP_VINTAGE,1.0.0,IMF.RES.WEO:WEO_LIVE_2002_SEP_VINTAGE(1.0.0)
GAS Live 2022 April GAS2,IMF.RES.GAS,GAS_LIVE_2022_APR_GAS2_VINTAGE,1.0.0,IMF.RES.GAS:GAS_LIVE_2022_APR_GAS2_VINTAGE(1.0.0)
Direct Investment Positions by Counterpart Economy (formerly CDIS),IMF.STA,DIP,12.0.1,IMF.STA:DIP(12.0.1)
WEO Live 2018 July,IMF.RES.WEO,WEO_LIVE_2018_JUL_VINTAGE,1.0.0,IMF.RES.WEO:WEO_LIVE_2018_JUL_VINTAGE(1.0.0)
GEE Live 2026 April GAS2,IMF.RES.GEE,GEE_LIVE_2026_APR_GAS2_VINTAGE,1.0.0,IMF.RES.GEE:GEE_LIVE_2026_APR_GAS2_VINTAGE(1.0.0)
International Liquidity (IL) 2026 January,IMF.STA,IL_2026_JAN_VINTAGE,1.0.0,IMF.STA:IL_2026_JAN_VINTAGE(1.0.0)
"Gender Statistics (GS) Social, demographic and other",IMF.STA,GS_SDO,1.0.0,IMF.STA:GS_SDO(1.0.0)
GAS Live 2022 April Final,IMF.RES.GAS,GAS_LIVE_2022_APR_FINAL_VINTAGE,1.0.0,IMF.RES.GAS:GAS_LIVE_2022_APR_FINAL_VINTAGE(1.0.0)
GEE Live 2016 April GAS3,IMF.RES.GEE,GEE_LIVE_2016_APR_GAS3_VINTAGE,1.0.0,IMF.RES.GEE:GEE_LIVE_2016_APR_GAS3_VINTAGE(1.0.0)
GEE Live 2020 June GAS1,IMF.RES.GEE,GEE_LIVE_2020_JUN_GAS1_VINTAGE,1.0.0,IMF.RES.GEE:GEE_LIVE_2020_JUN_GAS1_VINTAGE(1.0.0)
GFS Statement of Sources and Uses of Cash,IMF.STA,GFS_SSUC,10.0.0,IMF.STA:GFS_SSUC(10.0.0)
GEE Live 2014 April GAS2,IMF.RES.GEE,GEE_LIVE_2014_APR_GAS2_VINTAGE,1.0.0,IMF.RES.GEE:GEE_LIVE_2014_APR_GAS2_VINTAGE(1.0.0)
"National Economic Accounts (NEA), Quarterly Data",IMF.STA,QNEA,7.0.0,IMF.STA:QNEA(7.0.0)
GAS Live 2021 October GAS3,IMF.RES.GAS,GAS_LIVE_2021_OCT_GAS3_VINTAGE,1.0.0,IMF.RES.GAS:GAS_LIVE_2021_OCT_GAS3_VINTAGE(1.0.0)
GAS Live 2011 June GAS1,IMF.RES.GAS,GAS_LIVE_2011_JUN_GAS1_VINTAGE,1.0.0,IMF.RES.GAS:GAS_LIVE_2011_JUN_GAS1_VINTAGE(1.0.0)
GAS Live 2015 October Final,IMF.RES.GAS,GAS_LIVE_2015_OCT_FINAL_VINTAGE,1.0.0,IMF.RES.GAS:GAS_LIVE_2015_OCT_FINAL_VINTAGE(1.0.0)
"Financial Soundness Indicators (FSI), Balance Sheet, Income Statement and Memorandum Series",IMF.STA,FSIBSIS,18.0.0,IMF.STA:FSIBSIS(18.0.0)
WEO Live 2003 October,IMF.RES.WEO,WEO_LIVE_2003_OCT_VINTAGE,1.0.0,IMF.RES.WEO:WEO_LIVE_2003_OCT_VINTAGE(1.0.0)
GEE Live 2020 October GAS3,IMF.RES.GEE,GEE_LIVE_2020_OCT_GAS3_VINTAGE,1.0.0,IMF.RES.GEE:GEE_LIVE_2020_OCT_GAS3_VINTAGE(1.0.0)
WEO Live 2022 April,IMF.RES.WEO,WEO_LIVE_2022_APR_VINTAGE,1.0.0,IMF.RES.WEO:WEO_LIVE_2022_APR_VINTAGE(1.0.0)
GEE Live 2020 April Final,IMF.RES.GEE,GEE_LIVE_2020_APR_FINAL_VINTAGE,1.0.0,IMF.RES.GEE:GEE_LIVE_2020_APR_FINAL_VINTAGE(1.0.0)
WEO Live 2004 September,IMF.RES.WEO,WEO_LIVE_2004_SEP_VINTAGE,1.0.0,IMF.RES.WEO:WEO_LIVE_2004_SEP_VINTAGE(1.0.0)
GEE Live 2026 January Final,IMF.RES.GEE,GEE_LIVE_2026_JAN_FINAL_VINTAGE,1.0.0,IMF.RES.GEE:GEE_LIVE_2026_JAN_FINAL_VINTAGE(1.0.0)
GEE Live 2016 April GAS2,IMF.RES.GEE,GEE_LIVE_2016_APR_GAS2_VINTAGE,1.0.0,IMF.RES.GEE:GEE_LIVE_2016_APR_GAS2_VINTAGE(1.0.0)
GAS Live 2015 April GAS2,IMF.RES.GAS,GAS_LIVE_2015_APR_GAS2_VINTAGE,1.0.0,IMF.RES.GAS:GAS_LIVE_2015_APR_GAS2_VINTAGE(1.0.0)
GAS Live 2015 January GAS1b,IMF.RES.GAS,GAS_LIVE_2015_JAN_GAS1B_VINTAGE,1.0.0,IMF.RES.GAS:GAS_LIVE_2015_JAN_GAS1B_VINTAGE(1.0.0)
GAS Live 2021 July GAS1,IMF.RES.GAS,GAS_LIVE_2021_JUL_GAS1_VINTAGE,1.0.0,IMF.RES.GAS:GAS_LIVE_2021_JUL_GAS1_VINTAGE(1.0.0)
Producer Price Index (PPI),IMF.STA,PPI,3.0.0,IMF.STA:PPI(3.0.0)
WTO-IMF Tariff Tracker (WTOIMFTT),WTO,WTOIMFTT,3.0.0,WTO:WTOIMFTT(3.0.0)
GAS Live 2023 April Final,IMF.RES.GAS,GAS_LIVE_2023_APR_FINAL_VINTAGE,1.0.0,IMF.RES.GAS:GAS_LIVE_2023_APR_FINAL_VINTAGE(1.0.0)
World Revenue Longitudinal Database (WoRLD),IMF.FAD,WORLD,3.0.1,IMF.FAD:WORLD(3.0.1)
Gender Statistics (GS) Leadership and empowerment (LEPM),IMF.STA,GS_LEPM,2.0.0,IMF.STA:GS_LEPM(2.0.0)
GAS Live 2016 April Final,IMF.RES.GAS,GAS_LIVE_2016_APR_FINAL_VINTAGE,1.0.0,IMF.RES.GAS:GAS_LIVE_2016_APR_FINAL_VINTAGE(1.0.0)
GEE Live 2024 April GAS2,IMF.RES.GEE,GEE_LIVE_2024_APR_GAS2_VINTAGE,1.0.0,IMF.RES.GEE:GEE_LIVE_2024_APR_GAS2_VINTAGE(1.0.0)
WEO Live 1996 May,IMF.RES.WEO,WEO_LIVE_1996_MAY_VINTAGE,1.0.0,IMF.RES.WEO:WEO_LIVE_1996_MAY_VINTAGE(1.0.0)
GAS Live 2019 October GAS3b,IMF.RES.GAS,GAS_LIVE_2019_OCT_GAS3B_VINTAGE,1.0.0,IMF.RES.GAS:GAS_LIVE_2019_OCT_GAS3B_VINTAGE(1.0.0)
GAS Live 2019 January GAS1,IMF.RES.GAS,GAS_LIVE_2019_JAN_GAS1_VINTAGE,1.0.0,IMF.RES.GAS:GAS_LIVE_2019_JAN_GAS1_VINTAGE(1.0.0)
GEE Live 2019 October GAS3b,IMF.RES.GEE,GEE_LIVE_2019_OCT_GAS3B_VINTAGE,1.0.0,IMF.RES.GEE:GEE_LIVE_2019_OCT_GAS3B_VINTAGE(1.0.0)
GEE Live 2017 January GAS1,IMF.RES.GEE,GEE_LIVE_2017_JAN_GAS1_VINTAGE,1.0.0,IMF.RES.GEE:GEE_LIVE_2017_JAN_GAS1_VINTAGE(1.0.0)
WEO Live 2012 July,IMF.RES.WEO,WEO_LIVE_2012_JUL_VINTAGE,1.0.0,IMF.RES.WEO:WEO_LIVE_2012_JUL_VINTAGE(1.0.0)
Consumer Price Index (CPI) 2026 February,IMF.STA,CPI_2026_FEB_VINTAGE,2.0.0,IMF.STA:CPI_2026_FEB_VINTAGE(2.0.0)
GAS Live 2020 June GAS1,IMF.RES.GAS,GAS_LIVE_2020_JUN_GAS1_VINTAGE,1.0.0,IMF.RES.GAS:GAS_LIVE_2020_JUN_GAS1_VINTAGE(1.0.0)
WEO Live 1999 April,IMF.RES.WEO,WEO_LIVE_1999_APR_VINTAGE,1.0.0,IMF.RES.WEO:WEO_LIVE_1999_APR_VINTAGE(1.0.0)
GAS Live 2005 April Final,IMF.RES.GAS,GAS_LIVE_2005_APR_FINAL_VINTAGE,1.0.0,IMF.RES.GAS:GAS_LIVE_2005_APR_FINAL_VINTAGE(1.0.0)
GEE Live 2012 October Final,IMF.RES.GEE,GEE_LIVE_2012_OCT_FINAL_VINTAGE,1.0.0,IMF.RES.GEE:GEE_LIVE_2012_OCT_FINAL_VINTAGE(1.0.0)
GEE Live 2021 October GAS2,IMF.RES.GEE,GEE_LIVE_2021_OCT_GAS2_VINTAGE,1.0.0,IMF.RES.GEE:GEE_LIVE_2021_OCT_GAS2_VINTAGE(1.0.0)
GAS Live 2024 April GAS2,IMF.RES.GAS,GAS_LIVE_2024_APR_GAS2_VINTAGE,1.0.0,IMF.RES.GAS:GAS_LIVE_2024_APR_GAS2_VINTAGE(1.0.0)
GAS Live 2013 April GAS2,IMF.RES.GAS,GAS_LIVE_2013_APR_GAS2_VINTAGE,1.0.0,IMF.RES.GAS:GAS_LIVE_2013_APR_GAS2_VINTAGE(1.0.0)
GAS Live 2022 October Final,IMF.RES.GAS,GAS_LIVE_2022_OCT_FINAL_VINTAGE,1.0.0,IMF.RES.GAS:GAS_LIVE_2022_OCT_FINAL_VINTAGE(1.0.0)
GEE Live 2017 July Final,IMF.RES.GEE,GEE_LIVE_2017_JUL_FINAL_VINTAGE,1.0.0,IMF.RES.GEE:GEE_LIVE_2017_JUL_FINAL_VINTAGE(1.0.0)
GAS Live 2012 January GAS0,IMF.RES.GAS,GAS_LIVE_2012_JAN_GAS0_VINTAGE,1.0.0,IMF.RES.GAS:GAS_LIVE_2012_JAN_GAS0_VINTAGE(1.0.0)
GEE Live 2022 October Final,IMF.RES.GEE,GEE_LIVE_2022_OCT_FINAL_VINTAGE,1.0.0,IMF.RES.GEE:GEE_LIVE_2022_OCT_FINAL_VINTAGE(1.0.0)
GAS Live 2011 September Final,IMF.RES.GAS,GAS_LIVE_2011_SEP_FINAL_VINTAGE,1.0.0,IMF.RES.GAS:GAS_LIVE_2011_SEP_FINAL_VINTAGE(1.0.0)
GEE Live 2022 April GAS2,IMF.RES.GEE,GEE_LIVE_2022_APR_GAS2_VINTAGE,1.0.0,IMF.RES.GEE:GEE_LIVE_2022_APR_GAS2_VINTAGE(1.0.0)
GAS Live 2020 April GAS3b,IMF.RES.GAS,GAS_LIVE_2020_APR_GAS3B_VINTAGE,1.0.0,IMF.RES.GAS:GAS_LIVE_2020_APR_GAS3B_VINTAGE(1.0.0)
GAS Live 2004 September Final,IMF.RES.GAS,GAS_LIVE_2004_SEP_FINAL_VINTAGE,1.0.0,IMF.RES.GAS:GAS_LIVE_2004_SEP_FINAL_VINTAGE(1.0.0)
GEE Live 2020 April GAS3b,IMF.RES.GEE,GEE_LIVE_2020_APR_GAS3B_VINTAGE,1.0.0,IMF.RES.GEE:GEE_LIVE_2020_APR_GAS3B_VINTAGE(1.0.0)
GAS Live 2010 October GAS2,IMF.RES.GAS,GAS_LIVE_2010_OCT_GAS2_VINTAGE,1.0.0,IMF.RES.GAS:GAS_LIVE_2010_OCT_GAS2_VINTAGE(1.0.0)
GAS Live 2023 April GAS3b,IMF.RES.GAS,GAS_LIVE_2023_APR_GAS3B_VINTAGE,1.0.0,IMF.RES.GAS:GAS_LIVE_2023_APR_GAS3B_VINTAGE(1.0.0)
Currency Composition of the International Investment Position (IIPCC) 2026 February,IMF.STA,IIPCC_2026_FEB_VINTAGE,1.0.0,IMF.STA:IIPCC_2026_FEB_VINTAGE(1.0.0)
WEO Live 2023 January,IMF.RES.WEO,WEO_LIVE_2023_JAN_VINTAGE,1.0.0,IMF.RES.WEO:WEO_LIVE_2023_JAN_VINTAGE(1.0.0)
GAS Live 2026 April GAS2,IMF.RES.GAS,GAS_LIVE_2026_APR_GAS2_VINTAGE,1.0.0,IMF.RES.GAS:GAS_LIVE_2026_APR_GAS2_VINTAGE(1.0.0)
Fiscal Decentralization (FD),IMF.STA,FD,6.0.0,IMF.STA:FD(6.0.0)
GAS Live 2023 October GAS2,IMF.RES.GAS,GAS_LIVE_2023_OCT_GAS2_VINTAGE,1.0.0,IMF.RES.GAS:GAS_LIVE_2023_OCT_GAS2_VINTAGE(1.0.0)
Euro/ECU exchange rates - quarterly data,ESTAT,ERT_BIL_EUR_Q,1.0,ESTAT:ERT_BIL_EUR_Q(1.0)
WEO Live 2008 January,IMF.RES.WEO,WEO_LIVE_2008_JAN_VINTAGE,1.0.0,IMF.RES.WEO:WEO_LIVE_2008_JAN_VINTAGE(1.0.0)
GAS Live 2020 April GAS3,IMF.RES.GAS,GAS_LIVE_2020_APR_GAS3_VINTAGE,1.0.0,IMF.RES.GAS:GAS_LIVE_2020_APR_GAS3_VINTAGE(1.0.0)
GAS Live 2019 October GAS3,IMF.RES.GAS,GAS_LIVE_2019_OCT_GAS3_VINTAGE,1.0.0,IMF.RES.GAS:GAS_LIVE_2019_OCT_GAS3_VINTAGE(1.0.0)
WEO Live 2018 October,IMF.RES.WEO,WEO_LIVE_2018_OCT_VINTAGE,1.0.0,IMF.RES.WEO:WEO_LIVE_2018_OCT_VINTAGE(1.0.0)
"Consensus Forecasts (CF), Long-Term",IMF.CSF,CF_LT,10.0.0,IMF.CSF:CF_LT(10.0.0)
WEO Live 2008 April,IMF.RES.WEO,WEO_LIVE_2008_APR_VINTAGE,1.0.0,IMF.RES.WEO:WEO_LIVE_2008_APR_VINTAGE(1.0.0)
GAS Live 2025 October GAS2,IMF.RES.GAS,GAS_LIVE_2025_OCT_GAS2_VINTAGE,1.0.0,IMF.RES.GAS:GAS_LIVE_2025_OCT_GAS2_VINTAGE(1.0.0)
GAS Live 2012 April Final,IMF.RES.GAS,GAS_LIVE_2012_APR_FINAL_VINTAGE,1.0.0,IMF.RES.GAS:GAS_LIVE_2012_APR_FINAL_VINTAGE(1.0.0)
International Trade in Goods (ITG),IMF.STA,ITG,4.0.0,IMF.STA:ITG(4.0.0)
Commodity Terms of Trade (CTOT),IMF.RES,CTOT,5.0.1,IMF.RES:CTOT(5.0.1)
GAS Live 2011 April GAS2,IMF.RES.GAS,GAS_LIVE_2011_APR_GAS2_VINTAGE,1.0.0,IMF.RES.GAS:GAS_LIVE_2011_APR_GAS2_VINTAGE(1.0.0)
GAS Live 2018 April GAS3,IMF.RES.GAS,GAS_LIVE_2018_APR_GAS3_VINTAGE,1.0.0,IMF.RES.GAS:GAS_LIVE_2018_APR_GAS3_VINTAGE(1.0.0)
GEE Live 2022 January GAS1b,IMF.RES.GEE,GEE_LIVE_2022_JAN_GAS1B_VINTAGE,1.0.0,IMF.RES.GEE:GEE_LIVE_2022_JAN_GAS1B_VINTAGE(1.0.0)
Balance of Payments (BOP) 2026 February,IMF.STA,BOP_2026_FEB_VINTAGE,1.0.0,IMF.STA:BOP_2026_FEB_VINTAGE(1.0.0)
WEO Live 2015 April,IMF.RES.WEO,WEO_LIVE_2015_APR_VINTAGE,1.0.0,IMF.RES.WEO:WEO_LIVE_2015_APR_VINTAGE(1.0.0)
GEE Live 2024 July Final,IMF.RES.GEE,GEE_LIVE_2024_JUL_FINAL_VINTAGE,1.0.0,IMF.RES.GEE:GEE_LIVE_2024_JUL_FINAL_VINTAGE(1.0.0)
GAS Live 2015 October GAS3,IMF.RES.GAS,GAS_LIVE_2015_OCT_GAS3_VINTAGE,1.0.0,IMF.RES.GAS:GAS_LIVE_2015_OCT_GAS3_VINTAGE(1.0.0)
GAS Live 2011 September GAS3,IMF.RES.GAS,GAS_LIVE_2011_SEP_GAS3_VINTAGE,1.0.0,IMF.RES.GAS:GAS_LIVE_2011_SEP_GAS3_VINTAGE(1.0.0)
GEE Live 2020 April GAS2,IMF.RES.GEE,GEE_LIVE_2020_APR_GAS2_VINTAGE,1.0.0,IMF.RES.GEE:GEE_LIVE_2020_APR_GAS2_VINTAGE(1.0.0)
WEO Live 2023 October (ICP2021PPP Weights),IMF.RES.WEO,WEO_LIVE_2023_OCT_ICP2021PPP_VINTAGE,1.0.0,IMF.RES.WEO:WEO_LIVE_2023_OCT_ICP2021PPP_VINTAGE(1.0.0)
"Quarterly Gross Domestic Product (GDP), World and Country Aggregates 2026 February",IMF.STA,QGDP_WCA_2026_FEB_VINTAGE,1.0.0,IMF.STA:QGDP_WCA_2026_FEB_VINTAGE(1.0.0)
GEE Live 2015 January GAS1,IMF.RES.GEE,GEE_LIVE_2015_JAN_GAS1_VINTAGE,1.0.0,IMF.RES.GEE:GEE_LIVE_2015_JAN_GAS1_VINTAGE(1.0.0)
GAS Live 2018 January GAS1b,IMF.RES.GAS,GAS_LIVE_2018_JAN_GAS1B_VINTAGE,1.0.0,IMF.RES.GAS:GAS_LIVE_2018_JAN_GAS1B_VINTAGE(1.0.0)
GAS Live 2019 July GAS1,IMF.RES.GAS,GAS_LIVE_2019_JUL_GAS1_VINTAGE,1.0.0,IMF.RES.GAS:GAS_LIVE_2019_JUL_GAS1_VINTAGE(1.0.0)
GEE Live 2017 October GAS2,IMF.RES.GEE,GEE_LIVE_2017_OCT_GAS2_VINTAGE,1.0.0,IMF.RES.GEE:GEE_LIVE_2017_OCT_GAS2_VINTAGE(1.0.0)
WEO Live 2011 September,IMF.RES.WEO,WEO_LIVE_2011_SEP_VINTAGE,1.0.0,IMF.RES.WEO:WEO_LIVE_2011_SEP_VINTAGE(1.0.0)
GAS Live 2021 January GAS1,IMF.RES.GAS,GAS_LIVE_2021_JAN_GAS1_VINTAGE,1.0.0,IMF.RES.GAS:GAS_LIVE_2021_JAN_GAS1_VINTAGE(1.0.0)
Production in construction - monthly data,ESTAT,STS_COPR_M,1.0,ESTAT:STS_COPR_M(1.0)
GEE Live 2019 October GAS2,IMF.RES.GEE,GEE_LIVE_2019_OCT_GAS2_VINTAGE,1.0.0,IMF.RES.GEE:GEE_LIVE_2019_OCT_GAS2_VINTAGE(1.0.0)
WEO Live 2015 January,IMF.RES.WEO,WEO_LIVE_2015_JAN_VINTAGE,1.0.0,IMF.RES.WEO:WEO_LIVE_2015_JAN_VINTAGE(1.0.0)
GAS Live 2017 October GAS3,IMF.RES.GAS,GAS_LIVE_2017_OCT_GAS3_VINTAGE,1.0.0,IMF.RES.GAS:GAS_LIVE_2017_OCT_GAS3_VINTAGE(1.0.0)
Production Indexes (PI),IMF.STA,PI,2.0.0,IMF.STA:PI(2.0.0)
"National Economic Accounts (NEA), Annual Data 2026 January",IMF.STA,ANEA_2026_JAN_VINTAGE,1.0.0,IMF.STA:ANEA_2026_JAN_VINTAGE(1.0.0)
WEO Live 1995 October,IMF.RES.WEO,WEO_LIVE_1995_OCT_VINTAGE,1.0.0,IMF.RES.WEO:WEO_LIVE_1995_OCT_VINTAGE(1.0.0)
GAS Live 2019 April Final,IMF.RES.GAS,GAS_LIVE_2019_APR_FINAL_VINTAGE,1.0.0,IMF.RES.GAS:GAS_LIVE_2019_APR_FINAL_VINTAGE(1.0.0)
"Monetary and Financial Statistics (MFS), Other Depository Corporations",IMF.STA,MFS_ODC,10.0.0,IMF.STA:MFS_ODC(10.0.0)
WEO Live 2023 April,IMF.RES.WEO,WEO_LIVE_2023_APR_VINTAGE,1.0.0,IMF.RES.WEO:WEO_LIVE_2023_APR_VINTAGE(1.0.0)
GEE Live 2023 April Final,IMF.RES.GEE,GEE_LIVE_2023_APR_FINAL_VINTAGE,1.0.0,IMF.RES.GEE:GEE_LIVE_2023_APR_FINAL_VINTAGE(1.0.0)
"Effective Exchange Rate (EER), Weights",IMF.STA,EER_WEIGHTS,2.0.1,IMF.STA:EER_WEIGHTS(2.0.1)
GAS Live 2026 April Final,IMF.RES.GAS,GAS_LIVE_2026_APR_FINAL_VINTAGE,1.0.0,IMF.RES.GAS:GAS_LIVE_2026_APR_FINAL_VINTAGE(1.0.0)
GEE Live 2016 January Final,IMF.RES.GEE,GEE_LIVE_2016_JAN_FINAL_VINTAGE,1.0.0,IMF.RES.GEE:GEE_LIVE_2016_JAN_FINAL_VINTAGE(1.0.0)
GEE Live 2016 April Final,IMF.RES.GEE,GEE_LIVE_2016_APR_FINAL_VINTAGE,1.0.0,IMF.RES.GEE:GEE_LIVE_2016_APR_FINAL_VINTAGE(1.0.0)
Middle East and Central Asia Regional Economic Outlook (MCDREO),IMF.MCD,MCDREO,8.0.0,IMF.MCD:MCDREO(8.0.0)
GFS Balance Sheet,IMF.STA,GFS_BS,12.0.0,IMF.STA:GFS_BS(12.0.0)
WEO Live 2019 July,IMF.RES.WEO,WEO_LIVE_2019_JUL_VINTAGE,1.0.0,IMF.RES.WEO:WEO_LIVE_2019_JUL_VINTAGE(1.0.0)
GEE Live 2009 April Final,IMF.RES.GEE,GEE_LIVE_2009_APR_FINAL_VINTAGE,1.0.0,IMF.RES.GEE:GEE_LIVE_2009_APR_FINAL_VINTAGE(1.0.0)
Asia and Pacific Regional Economic Outlook (APDREO),IMF.APD,APDREO,6.0.0,IMF.APD:APDREO(6.0.0)
GEE Live 2023 January Final,IMF.RES.GEE,GEE_LIVE_2023_JAN_FINAL_VINTAGE,1.0.0,IMF.RES.GEE:GEE_LIVE_2023_JAN_FINAL_VINTAGE(1.0.0)
WEO Live 2020 June (ICP2017PPP Weights),IMF.RES.WEO,WEO_LIVE_2020_JUN_ICP2017PPP_VINTAGE,1.0.0,IMF.RES.WEO:WEO_LIVE_2020_JUN_ICP2017PPP_VINTAGE(1.0.0)
