countrycode,countryname,countrycode_s,countryname_s,G001,G080,G083,G084,G087,G089,G092,G110,G119,G1201,G1515,G1614,G1626,G1627,G200,G201,G202,G205,G209,G216,G400,G401,G402,G406,G505,G510,G603,G606,G711,G903,G906,G92031,G940,G995,G998,GX117,GX1212,GX1218,GX123,GX1518,GX1603,GX2041,GX229,GX440,GX504,GX604,GX88,GX93,GX970,groupa,groupaplus
ABW,"Aruba, Kingdom of the Netherlands",314,Aruba,1,,,1,,,1,,,1,,,,,1,,,1,,,,,,,,,,1,,,,,,,,,,1,,,,,,,,,1,1,,,
AFG,"Afghanistan, Islamic Republic of",512,Afghanistan,1,,,,,1,1,,,,,,,,1,1,,,1,,1,,1,,,,,,1,,,,,,,,,,,,,,,1,,,,1,,,
AGO,Angola,614,Angola,1,1,,,1,,,,,1,,1,,,1,,,,,,,,,,,,1,1,,,,,,,,,,,,,1,,,,,1,,,,,1
ALB,Albania,914,Albania,1,,,1,,,1,,,1,,,,,1,,,,,,,,,,,,,1,,1,,,,,,,,,,,,,,,,,1,1,1,,
AND,"Andorra, Principality of",171,Andorra,1,,,,,,,1,,,,,,,,,,,,,,,,,,,,,,,1,,,,,1,,,1,,,,,,,,,,1,,
ARE,United Arab Emirates,466,United Arab Emirates,1,1,,,,,,,,1,,,,,1,,,,1,,1,1,,1,,,,,,,,,,,,,,,,,,,,1,,,,,,,1
ARG,Argentina,213,Argentina,1,,,,,,1,,,1,,,,,1,,,1,1,1,,,,,,,,,,,,,,,,,,,,,,1,,,,,,1,,1,1
ARM,"Armenia, Republic of",911,Armenia,1,,,,,,1,,,1,,,,,1,,,,,1,1,,1,,,,,1,,,,,1,,,,,,,,,,,,,,1,1,,,1
ATG,Antigua and Barbuda,311,Antigua and Barbuda,1,,,1,1,,1,,,1,,,,,1,,,1,,,,,,,,,,1,,,,,,,,,,1,,,,,,,,,,1,,,
AUS,Australia,193,Australia,1,,,,,,,1,,,,,,,,,1,,,,,,,,,,,,,,,,,,,1,,,1,,,,1,,,,,,,1,1
AUT,Austria,122,Austria,1,,,,,,,1,,,,,,,,,,,,,,,,,,,,,,,1,,,1,1,,,,,,,,,,,,,,1,,
AZE,"Azerbaijan, Republic of",912,Azerbaijan,1,1,,,,,,,,1,,,,,1,,,,1,,1,1,,,,,,,,,,,1,,,,,,,,,,,,,,,,,,1
BDI,Burundi,618,Burundi,1,,,,1,1,1,,,,,,,1,1,1,,,,,,,,,,,1,1,1,,,,,,,,,,,,1,,,,,1,,1,,,
BEL,Belgium,124,Belgium,1,,,,,,,1,,,,,,,,,,,,,,,,,,,,,,,1,,,1,1,,,,,,,,,,,,,,1,,
BEN,Benin,638,Benin,1,,,,,1,1,,,,,,1,,1,1,,,,,,,,,,,1,1,1,,,,,,,,,,,,1,,,,,1,1,1,,,
BFA,Burkina Faso,748,Burkina Faso,1,,,,1,1,1,,,,,,,1,1,1,,,,,,,,,,,1,1,1,,,,,,,,,,,,1,,,,,1,,1,,,
BGD,Bangladesh,513,Bangladesh,1,,1,,,,1,,,,,,,,1,1,,,,,,,,,1,,,1,,,,,,,,,,,,1,,,1,,1,,1,1,,,1
BGR,Bulgaria,918,Bulgaria,1,,,,,,,1,,,,,,,,,,,,,,,,,,,,,,,1,,,1,1,,,,,,,,,,,,,,1,,
BHR,"Bahrain, Kingdom of",419,Bahrain,1,1,,,,,,,,1,,,,,1,,,,1,,1,1,,1,,,,,,,,,,,,,,,,,,,,1,,,,,,,
BHS,"Bahamas, The",313,"Bahamas, The",1,,,1,,,1,,,1,,,,,1,,,1,,,,,,,,,,1,,,,,,,,,,1,,,,,,,,,1,1,,,
BIH,Bosnia and Herzegovina,963,Bosnia and Herzegovina,1,,,,,,1,,,1,,,,,1,,,,,1,,,,,,,,1,,1,,,,,,,,,,,,,,,,,1,1,1,,
BLR,"Belarus, Republic of",913,Belarus,1,,,,1,,1,,,1,,,,,1,,,,,1,,,,,,,,1,,1,,,,,,,,,,,,,,,,,,1,1,,
BLZ,Belize,339,Belize,1,,,1,,,1,,,1,,,,,1,,,1,,,,,,,,,,1,,,,,,,,,,1,,,,,,,,,1,1,,,
BOL,Bolivia,218,Bolivia,1,,,,,1,1,,,1,,,,,1,,,1,,,,,,,,,,1,1,,,,,,,,,,,,,1,,,,,1,1,,,
BRA,Brazil,223,Brazil,1,,,,,,1,,,1,,,,,1,,,1,,1,,,,,,,,1,,,,,,,,,,,,,,1,,,,,1,1,,1,1
BRB,Barbados,316,Barbados,1,,,1,,,1,,,1,,,,,1,,,1,,,,,,,,,,1,,,,,,,,,,1,,,,,,,,,1,1,,,
BRN,Brunei Darussalam,516,Brunei Darussalam,1,1,,,,,,,,1,,,,,1,,,,1,,,,,,1,,,,,,,,,,,,,,,1,,,1,,1,,,,,,
BTN,Bhutan,514,Bhutan,1,,,,,,1,,,,,,,,1,1,,,,1,,,,,1,,,1,,,,,,,,,,,,1,,,1,,1,,1,1,,,
BWA,Botswana,616,Botswana,1,,,,,1,1,,,1,,,1,,1,,,,1,,,,,,,,1,,,,,,,,,,,,,,1,,,,,1,,1,,,
CAF,Central African Republic,626,Central African Republic,1,,,,1,1,1,,,,,,,1,1,1,,,,,,,,,,,1,1,1,,,,,,,,,,,,1,,,,,1,,1,,,
CAN,Canada,156,Canada,1,,,,,,,1,1,,,,,,,,,,,,,,,,,,,,,,,1,,,,1,,,,,,,,,,,,,,1,1
CHE,Switzerland,146,Switzerland,1,,,,,,,1,,,,,,,,,,,,,,,,,,,,,,,1,,,,,1,,,1,,,,,,,,,,1,,
CHL,Chile,228,Chile,1,,,,,1,1,,,1,,,,,1,,,1,,,,,,,,,,1,,,,,,,,,,,,,,1,,,,,1,1,,,1
CHN,"China, People's Republic of",924,China,1,,1,,,,1,,,1,1,,,,1,,,,1,,,,,,1,,,,,,,,,,,,,,,,,,1,,,,,,,1,1
CIV,Côte d'Ivoire,662,Côte d'Ivoire,1,,1,,1,,1,,,,,,1,,1,1,,,,,,,,,,,1,1,1,,,,,,,,,,,,1,,,,,1,,1,,,1
CMR,Cameroon,622,Cameroon,1,,,,,,1,,,,,,1,,1,1,,,,1,,,,,,,1,1,1,,,,,,,,,,,,1,,,,,1,1,1,,,1
COD,"Congo, Democratic Republic of the",636,"Congo, Democratic Republic of the",1,,,,1,1,1,,,,,,,1,1,1,,,,,,,,,,,1,1,1,,,,,,,,,,,,1,,,,,1,,1,,,1
COG,"Congo, Republic of",634,"Congo, Republic of",1,1,,,1,,,,,,,1,,,1,1,,,,,,,,,,,1,1,1,,,,,,,,,,,,1,,,,,1,,,,,
COL,Colombia,233,Colombia,1,,,,,,1,,,1,,,,,1,,,1,,1,,,,,,,,1,,,,,,,,,,,,,,1,,,,,1,1,,,1
COM,"Comoros, Union of the",632,Comoros,1,,,1,1,,1,,,,,,1,,1,1,,,,,,,,,,,1,1,1,,,,,,,,,,,,1,,,,,1,,1,,,
CPV,Cabo Verde,624,Cabo Verde,1,,,1,,,1,,,1,,,1,,1,,,,,,,,,,,,1,1,,,,,,,,,,,,,1,,,,,1,1,1,,,
CRI,Costa Rica,238,Costa Rica,1,,,,,,1,,,1,,,,,1,,,1,,1,,,,,,,,1,,,,,,,,,1,,,,,,,,,,1,1,,,
CYP,Cyprus,423,Cyprus,1,,,,,,,1,,,,,,,,,,,,,,,,,,,,,,,1,,,1,1,,,,,,,,,,,,,,1,,
CZE,Czech Republic,935,Czech Republic,1,,,,,,,1,,,,,,,,,,,,,,,,,,,,,,,1,,,,1,1,,,1,,,,,,,,,,1,,
DEU,Germany,134,Germany,1,,,,,,,1,1,,,,,,,,,,,,,,,,,,,,,,1,,,1,1,,,,,,,,,,,,,,1,1,1
DJI,Djibouti,611,Djibouti,1,,,1,1,,1,,,,,,,,1,1,,,,,1,,1,1,,,,1,,,,,,,,,,,,,,,,1,,,,1,,,
DMA,Dominica,321,Dominica,1,,,1,,,1,,,1,,,,,1,,,1,,,,,,,,,,1,,,,,,,,,,1,,,,,,,,,1,1,,,
DNK,Denmark,128,Denmark,1,,,,,,,1,,,,,,,,,,,,,,,,,,,,,,,1,,,,1,1,,,1,,,,,,,,,,1,,
DOM,Dominican Republic,243,Dominican Republic,1,,,1,,,1,,,1,,,,,1,,,1,,,,,,,,,,1,,,,,,,,,1,,,,,,,,,,1,1,,,1
DZA,Algeria,612,Algeria,1,1,,,,,,,,1,,,,,1,,,,1,,1,1,,1,,,,,,,,,,,,,,,,,,,,1,,,,,,,1
ECU,Ecuador,248,Ecuador,1,1,,,1,,,,,1,,,,,1,,,1,,,,,,,,,,1,,,,,,,,,,,,,,1,,,,,,,,,
EGY,"Egypt, Arab Republic of",469,Egypt,1,,,1,1,,1,,,1,,,,,1,,,,,,1,,1,1,,,,1,,,,,,,,,,,,,,,,1,,,,1,,1,1
ERI,"Eritrea, The State of",643,Eritrea,1,,,,,1,1,,,,,,,1,1,1,,,1,,,,,,,,1,,1,,,,,,,,,,,,1,,,,,1,,1,,,
ESP,Spain,184,Spain,1,,,,,,,1,,,,,,,,,,,,,,,,,,,,,,,1,,,1,1,,,,,,,,,,,,,,1,1,1
EST,"Estonia, Republic of",939,Estonia,1,,,,,,,1,,,,,,,,,,,,,,,,,,,,,,,1,,,1,1,,,,,,,,,,,,,,1,,
ETH,"Ethiopia, The Federal Democratic Republic of",644,Ethiopia,1,,,,1,,1,,,,,,,1,1,1,,,,1,,,,,,,1,1,1,,,,,,,,,,,,1,,,,,1,,1,,,1
FIN,Finland,172,Finland,1,,,,,,,1,,,,,,,,,,,,,,,,,,,,,,,1,,,1,1,,,,,,,,,,,,,,1,,
FJI,"Fiji, Republic of",819,Fiji,1,,,1,,,1,,,1,,,,,1,,,,,,,,,,1,,,1,,,,,,,,,,,,1,,,1,,1,,1,1,,,
FRA,France,132,France,1,,,,,,,1,1,,,,,,,,,,,,,,,,,,,,,,1,,,1,1,,,,,,,,,,,,,,1,1,1
FSM,"Micronesia, Federated States of",868,Micronesia,1,,,,,,1,,,1,,,,,1,,,,1,1,,,,,1,,,,,,,,,,,,,,,1,,,1,,1,,,1,,,
G163,Euro Area (EA),163,Euro area,,,,,,,,,,,,,,,,,,,,,,,,,,,,,,,,,,,,,,,,,,,,,,,,,,1,1
GAB,Gabon,646,Gabon,1,1,,,,,,,,1,,1,,,1,,,,1,,,,,,,,1,,,,,,,,,,,,,,1,,,,,1,,,,,
GBR,United Kingdom,112,United Kingdom,1,,,,,,,1,1,,,,,,,,,,,,,,,,,,,,,,1,,,,,1,,,,,,,,,,,,,1,1,1
GEO,Georgia,915,Georgia,1,,,1,,,1,,,1,,,,,1,,,,,,1,,1,,,,,1,,,,,1,,,,,,,,,,,,,,1,1,,,1
GHA,Ghana,652,Ghana,1,,,,1,1,1,,,,,,1,,1,1,,,,,,,,,,,1,1,1,,,,,,,,,,,,1,,,,,1,,1,,,1
GIN,Guinea,656,Guinea,1,,,,,1,1,,,,,,,1,1,1,,,,,,,,,,,1,1,1,,,,,,,,,,,,1,,,,,1,1,1,,,
GMB,"Gambia, The",648,"Gambia, The",1,,,1,1,,1,,,,,,,1,1,1,,,,,,,,,,,1,1,1,,,,,,,,,,,,1,,,,,1,,1,,,
GNB,Guinea-Bissau,654,Guinea-Bissau,1,,,,1,1,1,,,,,,,1,1,1,,,,,,,,,,,1,1,1,,,,,,,,,,,,1,,,,,1,,1,,,
GNQ,"Equatorial Guinea, Republic of",642,Equatorial Guinea,1,1,,,,,,,,1,,1,,,1,,,,1,,,,,,,,1,,,,,,,,,,,,,,1,,,,,1,,,,,
GRC,Greece,174,Greece,1,,,,,,,1,,,,,,,,,,,,,,,,,,,,,,,1,,,1,1,,,,,,,,,,,,,,1,,
GRD,Grenada,328,Grenada,1,,,1,1,,1,,,1,,,,,1,,,1,,,,,,,,,,1,,,,,,,,,,1,,,,,,,,,,1,,,
GTM,Guatemala,258,Guatemala,1,,,1,,,1,,,1,,,,,1,,,1,,,,,,,,,,1,,,,,,,,,1,,,,,,,,,,1,1,,,
GUY,Guyana,336,Guyana,1,1,,,,,,,,1,,,,,1,,,1,1,,,,,,,,,,1,,,,,,,,,1,,,,,,,,,,,,,
HKG,"Hong Kong Special Administrative Region, People's Republic of China",532,Hong Kong SAR,1,,,,,,,1,,,,,,,,,1,,,,,,,,,,,,,,,,,,,1,,,1,,,,1,,,,,,,,1
HND,Honduras,268,Honduras,1,,,,,,1,,,,,,,,1,1,,1,,1,,,,,,,,1,1,,,,,,,,1,,,,,,,,,,1,1,,,
HRV,"Croatia, Republic of",960,Croatia,1,,,,,,,1,,,,,,,,,,,,,,,,,,,,,,,1,,,1,1,,,,,,,,,,,,,,1,,
HTI,Haiti,263,Haiti,1,,1,,1,,1,,,,,,,,1,1,,1,,,,,,,,,,1,1,,,,,,,,,1,,,,,,,,,,1,,,
HUN,Hungary,944,Hungary,1,,1,,,,1,,,1,,,,,1,,,,,,,,,,,,,1,,1,,,,,1,,,,,,,,,,,,1,1,1,,
IDN,Indonesia,536,Indonesia,1,,,,,,1,,,1,1,,,,1,,,,,1,,,,,1,1,,1,,,,,,,,,,,,,,,1,,1,,1,1,,1,1
IND,India,534,India,1,,,,,,1,,,1,1,,,,1,,,,,1,,,,,1,,,1,,,,,,,,,,,,,,,1,,,,1,1,,1,1
IRL,Ireland,178,Ireland,1,,,,,,,1,,,,,,,,,,,,,,,,,,,,,,,1,,,1,1,,,,,,,,,,,,,,1,,1
IRN,"Iran, Islamic Republic of",429,Iran,1,1,,,,,,,,1,,,,,1,,,,1,,1,1,,1,,,,,,,,,,,,,,,,,,,,1,,,,,,1,1
IRQ,Iraq,433,Iraq,1,1,,,,,,,,1,,,,,1,,,,1,,1,1,,1,,,,,,,,,,,,,,,,,,,,1,,,,,,,
ISL,Iceland,176,Iceland,1,,,,,,,1,,,,,,,,,,,,,,,,,,,,,,,1,,,,,1,,,1,,,,,,,,,,1,,
ISR,Israel,436,Israel,1,,,,,,,1,,,,,,,,,,,,,,,,,,,,,,,,,,,,1,,,1,,,,,,,,,,,,
ITA,Italy,136,Italy,1,,,,,,,1,1,,,,,,,,,,,,,,,,,,,,,,1,,,1,1,,,,,,,,,,,,,,1,1,1
JAM,Jamaica,343,Jamaica,1,,,1,,,1,,,1,,,,,1,,,1,,,,,,,,,,1,,,,,,,,,,1,,,,,,,,,1,1,,,1
JOR,Jordan,439,Jordan,1,,,,,,1,,,1,,,,,1,,,,,1,1,,1,1,,,,1,,,,,,,,,,,,,,,,1,,,1,1,,,1
JPN,Japan,158,Japan,1,,,,,,,1,1,,,,,,,,1,,,,,,,,,,,,,,,,,,,,,,,,,,1,,,,,,,1,1
KAZ,"Kazakhstan, Republic of",916,Kazakhstan,1,1,,,,,,,,1,,,,,1,,,,,,1,1,,,,,,1,,,,,1,,,,,,,,,,,,,,1,,,1,1
KEN,Kenya,664,Kenya,1,,,,,,1,,,,,,1,,1,1,,,,1,,,,,,,1,1,,,,,,,,,,,,,1,,,,,1,1,1,,,1
KGZ,Kyrgyz Republic,917,Kyrgyz Republic,1,,,1,,,1,,,,,,,,1,1,,,,,1,,1,,,,,1,,,,,1,,,,,,,,,,,,,,1,1,,,
KHM,Cambodia,522,Cambodia,1,,1,,,,1,,,,,,,,1,1,,,,,,,,,1,,,1,,,,,,,,,,,,1,,,1,,1,,1,1,,,
KIR,Kiribati,826,Kiribati,1,,,,,1,1,,,,,,,,1,1,,,1,,,,,,1,,,,,,,,,,,,,,,1,,,1,,1,,,1,,,
KNA,St. Kitts and Nevis,361,St. Kitts and Nevis,1,,,1,,,1,,,1,,,,,1,,,1,,,,,,,,,,1,,,,,,,,,,1,,,,,,,,,1,1,,,
KOR,"Korea, Republic of",542,Korea,1,,,,,,,1,,,,,,,,,1,,,,,,,,,,,,,,,,,,,1,,,1,,,,1,,,,,,,1,1
KOS,"Kosovo, Republic of",967,Kosovo,1,,,1,,,1,,,1,,,,,1,,,,,,,,,,,,,1,,1,,,,,,,,,,,,,,,,,1,1,1,,
KWT,Kuwait,443,Kuwait,1,1,,,,,,,,1,,,,,1,,,,1,,1,1,,1,,,,,,,,,,,,,,,,,,,,1,,,,,,,1
LAO,Lao People's Democratic Republic,544,Lao P.D.R.,1,,,,1,,1,,,,,,,,1,1,,,,1,,,,,1,,,1,,,,,,,,,,,,1,,,1,,1,,,1,,,
LBN,Lebanon,446,Lebanon,1,,,1,1,,1,,,1,,,,,1,,,,,,1,,1,1,,,,1,,,,,,,,,,,,,,,,1,,,,1,,,
LBR,Liberia,668,Liberia,1,,,,1,1,1,,,,,,,1,1,1,,,,,,,,,,,1,1,1,,,,,,,,,,,,1,,,,,1,,1,,,
LBY,Libya,672,Libya,1,1,,,,,,,,1,,,,,1,,,,1,,1,1,,1,,,,,,,,,,,,,,,,,,,,1,,,,,,,
LCA,St. Lucia,362,St. Lucia,1,,,1,,,1,,,1,,,,,1,,,1,,,,,,,,,,1,,,,,,,,,,1,,,,,,,,,1,1,,,
LIE,"Liechtenstein, Principality of",147,Liechtenstein,1,,,,,,,1,,,,,,,,,,,,,,,,,,,,,,,1,,,,,1,,,1,,,,,,,,,,1,,
LKA,Sri Lanka,524,Sri Lanka,1,,,,1,,1,,,1,,,,,1,,,,,1,,,,,1,,,1,,,,,,,,,,,,1,,,1,,1,,,1,,,
LSO,"Lesotho, Kingdom of",666,Lesotho,1,,1,,,,1,,,,,,1,,1,1,,,,,,,,,,,1,1,,,,,,,,,,,,,1,,,,,1,1,1,,,
LTU,"Lithuania, Republic of",946,Lithuania,1,,,,,,,1,,,,,,,,,,,,,,,,,,,,,,,1,,,1,1,,,,,,,,,,,,,,1,,
LUX,Luxembourg,137,Luxembourg,1,,,,,,,1,,,,,,,,,,,,,,,,,,,,,,,1,,,1,1,,,,,,,,,,,,,,1,,
LVA,"Latvia, Republic of",941,Latvia,1,,,,,,,1,,,,,,,,,,,,,,,,,,,,,,,1,,,1,1,,,,,,,,,,,,,,1,,
MAC,"Macao Special Administrative Region, People's Republic of China",546,Macao SAR,1,,,,,,,1,,,,,,,,,1,,,,,,,,,,,,,,,,,,,1,,,1,,,,1,,,,,,,,
MAR,Morocco,686,Morocco,1,,,,,,1,,,1,,,,,1,,,,,1,1,,1,1,,,,1,,,,,,,,,,,,,,,,1,,,1,1,,,1
MDA,"Moldova, Republic of",921,Moldova,1,,,1,1,,1,,,,,,,,1,1,,,,,,,,,,,,1,,1,,,,,,,,,,,,,,,,,,1,1,,
MDG,"Madagascar, Republic of",674,Madagascar,1,,,,1,,1,,,,,,,1,1,1,,,,1,,,,,,,1,1,1,,,,,,,,,,,,1,,,,,1,,1,,,
MDV,Maldives,556,Maldives,1,,,1,,,1,,,1,,,,,1,,,,,,,,,,1,,,1,,,,,,,,,,,,1,,,1,,1,,1,1,,,
MEX,Mexico,273,Mexico,1,,1,,,,1,,,1,,,,,1,,,1,,,,,,,,,,1,,,,1,,,,,,,,,,,,,,,1,1,,1,1
MHL,"Marshall Islands, Republic of the",867,Marshall Islands,1,,,,,1,1,,,1,,,,,1,,,,1,,,,,,1,,,,,,,,,,,,,,,1,,,1,,1,,,1,,,
MKD,"North Macedonia, Republic of",962,North Macedonia,1,,,,,,1,,,1,,,,,1,,,,,1,,,,,,,,1,,1,,,,,,,,,,,,,,,,,1,1,1,,
MLI,Mali,678,Mali,1,,,,1,1,1,,,,,,,1,1,1,,,,,,,,,,,1,1,1,,,,,,,,,,,,1,,,,,1,,1,,,
MLT,Malta,181,Malta,1,,,,,,,1,,,,,,,,,,,,,,,,,,,,,,,1,,,1,1,,,,,,,,,,,,,,1,,
MMR,Myanmar,518,Myanmar,1,,,,,,1,,,,,,,,1,1,,,,1,,,,,1,,,1,,,,,,,,,,,,1,,,1,,1,,1,1,,,
MNE,Montenegro,943,"Montenegro, Rep. of",1,,,1,,,1,,,1,,,,,1,,,,,,,,,,,,,1,,1,,,,,,,,,,,,,,,,,1,1,1,,
MNG,Mongolia,948,Mongolia,1,,,,,1,1,,,1,,,,,1,,,,,,,,,,1,,,1,,,,,,,,,,,,1,,,1,,1,,1,1,,,
MOZ,"Mozambique, Republic of",688,Mozambique,1,,,1,1,,1,,,,,,,1,1,1,,,,,,,,,,,1,1,1,,,,,,,,,,,,1,,,,,1,,1,,,
MRT,"Mauritania, Islamic Republic of",682,Mauritania,1,,,,1,1,1,,,,,,,,1,1,,,,,1,,1,1,,,,1,1,,,,,,,,,,,,,,,1,,,,1,,,
MUS,Mauritius,684,Mauritius,1,,,1,,,1,,,1,,,1,,1,,,,1,,,,,,,,1,,,,,,,,,,,,,,1,,,,,1,,1,,,
MWI,Malawi,676,Malawi,1,,,,1,1,1,,,,,,,1,1,1,,,,,,,,,,,1,1,1,,,,,,,,,,,,1,,,,,1,,1,,,
MYS,Malaysia,548,Malaysia,1,,1,,,,1,,,1,1,,,,1,,,,1,,,,,,1,1,,,,,,,,,,,,,,,,,1,,1,,,1,,1,1
NAM,Namibia,728,Namibia,1,,,,,,1,,,1,,,1,,1,,,,1,1,,,,,,,1,,,,,,,,,,,,,,1,,,,,1,,1,,,
NER,Niger,692,Niger,1,,,,1,,1,,,,,,,1,1,1,,,,1,,,,,,,1,1,1,,,,,,,,,,,,1,,,,,1,,1,,,
NGA,Nigeria,694,Nigeria,1,1,,,,,,,,,,1,,,1,1,,,,,,,,,,,1,1,,,,,,,,,,,,,1,,,,,,1,,,1,1
NIC,Nicaragua,278,Nicaragua,1,,,,,,1,,,,,,,,1,1,,1,,1,,,,,,,,1,1,,,,,,,,1,,,,,,,,,,1,1,,,
NLD,"Netherlands, The",138,Netherlands,1,,,,,,,1,,,,,,,,,,,,,,,,,,,,,,,1,,,1,1,,,,,,,,,,,,,,1,1,1
NOR,Norway,142,Norway,1,,,,,,,1,,,,,,,,,,,,,,,,,,,,,,,1,,,,,1,,,1,,,,,,,,,,1,,
NPL,Nepal,558,Nepal,1,,,1,,,1,,,,,,,,1,1,,,1,,,,,,1,,,,,,,,,,,,,,,1,,,1,,1,,,1,,,
NRU,"Nauru, Republic of",836,Nauru,1,,,1,,,1,,,1,,,,,1,,,,1,,,,,,1,,,,,,,,,,,,,,,1,,,1,,1,,,1,,,
NZL,New Zealand,196,New Zealand,1,,,,,,,1,,,,,,,,,1,,,,,,,,,,,,,,,,,,,1,,,1,,,,1,,,,,,,,
OMN,Oman,449,Oman,1,1,,,,,,,,1,,,,,1,,,,,,1,1,,1,,,,1,,,,,,,,,,,,,,,,1,,,1,,,,
PAK,Pakistan,564,Pakistan,1,,1,,,,1,,,1,,,,,1,,,,,,1,,1,,,,,1,,,,,,,,,,,,,,,,1,,,1,1,,1,1
PAN,Panama,283,Panama,1,,,1,,,1,,,1,,,,,1,,,1,,,,,,,,,,1,,,,,,,,,1,,,,,,,,,,1,1,,,
PER,Peru,293,Peru,1,,,,,1,1,,,1,,,,,1,,,1,,,,,,,,,,1,,,,,,,,,,,,,,1,,,,,1,1,,,1
PHL,Philippines,566,Philippines,1,,,1,,,1,,,1,1,,,,1,,,,,,,,,,1,1,,1,,,,,,,,,,,,,,,1,,1,,1,1,,1,1
PLW,"Palau, Republic of",565,Palau,1,,,1,,,1,,,1,,,,,1,,,,,,,,,,1,,,1,,,,,,,,,,,,1,,,1,,1,,1,1,,,
PNG,Papua New Guinea,853,Papua New Guinea,1,,,,,1,1,,,,,,,,1,1,,,,,,,,,1,,,1,,,,,,,,,,,,1,,,1,,1,,1,1,,,1
POL,"Poland, Republic of",964,Poland,1,,1,,,,1,,,1,,,,,1,,,,,,,,,,,,,1,,1,,,,,1,,,,,,,,,,,,1,1,1,1,1
PRI,Puerto Rico,359,Puerto Rico,1,,,,,,,1,,,,,,,,,,,,,,,,,,,,,,,,1,,,,1,,,1,,,,,,,,,,,,
PRT,Portugal,182,Portugal,1,,,,,,,1,,,,,,,,,,,,,,,,,,,,,,,1,,,1,1,,,,,,,,,,,,,,1,,
PRY,Paraguay,288,Paraguay,1,,,,,1,1,,,1,,,,,1,,,1,,,,,,,,,,1,,,,,,,,,,,,,,1,,,,,1,1,,,1
QAT,Qatar,453,Qatar,1,1,,,,,,,,1,,,,,1,,,,1,,1,1,,1,,,,,,,,,,,,,,,,,,,,1,,,,,,,
ROU,Romania,968,Romania,1,,1,,,,1,,,1,,,,,1,,,,,,,,,,,,,1,,1,,,,,1,,,,,,,,,,,,1,1,1,,
RUS,Russian Federation,922,Russia,1,,,,,,1,,,1,,,,,1,,,,1,1,,,,,,,,,,1,,,,,,,,,,,,,,,,,,1,1,1,1
RWA,Rwanda,714,Rwanda,1,,,,,,1,,,,,,,1,1,1,,,,1,,,,,,,1,1,1,,,,,,,,,,,,1,,,,,1,1,1,,,
SAU,Saudi Arabia,456,Saudi Arabia,1,1,,,,,,,,1,,,,,1,,,,1,,1,1,,1,,,,,,,,,,,,,,,,,,,,1,,,,,,1,1
SDN,Sudan,732,Sudan,1,,,,1,1,1,,,,,,,,1,1,,,,,1,,1,1,,,,1,1,,,,,,,,,,,,,,,1,,,,1,,,
SEN,Senegal,722,Senegal,1,,,,,,1,,,,,,1,,1,1,,,,1,,,,,,,1,1,1,,,,,,,,,,,,1,,,,,1,1,1,,,1
SGP,Singapore,576,Singapore,1,,,,,,,1,,,,,,,,,1,,,,,,,,,1,,,,,,,,,,1,,,1,,,,1,,,,,,,,
SLB,Solomon Islands,813,Solomon Islands,1,,,,,1,1,,,,,,,,1,1,,,,,,,,,1,,,1,,,,,,,,,,,,1,,,1,,1,,1,1,,,
SLE,Sierra Leone,724,Sierra Leone,1,,,,,1,1,,,,,,,1,1,1,,,,,,,,,,,1,1,1,,,,,,,,,,,,1,,,,,1,1,1,,,
SLV,El Salvador,253,El Salvador,1,,,,,,1,,,1,,,,,1,,,1,,1,,,,,,,,1,,,,,,,,,1,,,,,,,,,,1,1,,,
SMR,"San Marino, Republic of",135,San Marino,1,,,,,,,1,,,,,,,,,,,,,,,,,,,,,,,1,,,,,1,,,1,,,,,,,,,,1,,
SOM,Somalia,726,Somalia,1,,,,1,1,1,,,,,,,,1,1,,,,,1,,1,1,,,,1,1,,,,,,,,,,,,,,,1,,,,1,,,
SRB,"Serbia, Republic of",942,Serbia,1,,,,,,1,,,1,,,,,1,,,,,1,,,,,,,,1,,1,,,,,,,,,,,,,,,,,1,1,1,,
SSD,"South Sudan, Republic of",733,South Sudan,1,1,,,1,,,,,,,1,,,1,1,,,,,,,,,,,1,1,,,,,,,,,,,,,,,,,,1,,,,,
STP,"São Tomé and Príncipe, Democratic Republic of",716,São Tomé and Príncipe,1,,,1,1,,1,,,,,,1,,1,1,,,,,,,,,,,1,1,1,,,,,,,,,,,,1,,,,,1,,1,,,
SUR,Suriname,366,Suriname,1,,,,1,1,1,,,1,,,,,1,,,1,,,,,,,,,,1,,,,,,,,,,1,,,,,,,,,,1,,,
SVK,Slovak Republic,936,Slovak Republic,1,,,,,,,1,,,,,,,,,,,,,,,,,,,,,,,1,,,1,1,,,,,,,,,,,,,,1,,
SVN,"Slovenia, Republic of",961,Slovenia,1,,,,,,,1,,,,,,,,,,,,,,,,,,,,,,,1,,,1,1,,,,,,,,,,,,,,1,,
SWE,Sweden,144,Sweden,1,,,,,,,1,,,,,,,,,,,,,,,,,,,,,,,1,,,,1,1,,,1,,,,,,,,,,1,,
SWZ,"Eswatini, Kingdom of",734,Eswatini,1,,,,,,1,,,1,,,1,,1,,,,1,1,,,,,,,1,,,,,,,,,,,,,,1,,,,,1,,1,,,
SYC,Seychelles,718,Seychelles,1,,,1,,,1,,,1,,,1,,1,,,,,,,,,,,,1,1,,,,,,,,,,,,,1,,,,,1,1,1,,,
SYR,Syrian Arab Republic,463,Syria,1,,,,,,,,,,,,,,1,,,,,,1,,1,1,,,,,,,,,,,,,,,,,,,,1,,,,,,,
TCD,Chad,628,Chad,1,1,,,1,,,,,,,1,,,1,1,,,,,,,,,,,1,1,1,,,,,,,,,,,,1,,,,,1,,,,,
TGO,Togo,742,Togo,1,,,,,,1,,,,,,,1,1,1,,,,1,,,,,,,1,1,1,,,,,,,,,,,,1,,,,,1,1,1,,,
THA,Thailand,578,Thailand,1,,1,,,,1,,,1,1,,,,1,,,,1,,,,,,1,1,,,,,,,,,,,,,,,,,1,,1,,,1,,1,1
TJK,"Tajikistan, Republic of",923,Tajikistan,1,,,,,1,1,,,,,,,,1,1,,,,,1,,1,,,,,1,,,,,1,,,,,,,,,,,,,,1,1,,,
TKM,Turkmenistan,925,Turkmenistan,1,1,,,,,,,,1,,,,,1,,,,1,,1,1,,,,,,,,,,,1,,,,,,,,,,,,,,,,,,
TLS,"Timor-Leste, Democratic Republic of",537,Timor-Leste,1,1,,,,,,,,,,,,,1,1,,,1,,,,,,1,,,,,,,,,,,,,,,1,,,1,,1,,,,,,
TON,Tonga,866,Tonga,1,,,1,,,1,,,1,,,,,1,,,,,,,,,,1,,,1,,,,,,,,,,,,1,,,1,,1,,1,1,,,
TTO,Trinidad and Tobago,369,Trinidad and Tobago,1,,1,,,,1,,,1,,,,,1,,,1,1,,,,,,,,,,,,,,,,,,,1,,,,,,,,,,1,,,
TUN,Tunisia,744,Tunisia,1,,,1,,,1,,,1,,,,,1,,,,,,1,,1,1,,,,1,,,,,,,,,,,,,,,,1,,,1,1,,,
TUR,"Türkiye, Republic of",186,Türkiye,1,,1,,,,1,,,1,,,,,1,,,,,,,,,,,,,1,,1,,,,,,,,,,,,,,,,,1,1,1,1,1
TUV,Tuvalu,869,Tuvalu,1,,,,,1,1,,,1,,,,,1,,,,1,,,,,,1,,,,,,,,,,,,,,,1,,,1,,1,,,1,,,
TWN,Taiwan Province of China,528,Taiwan Province of China,1,,,,,,,1,,,,,,,,,1,,,,,,,,,,,,,,,,,,,1,,,1,,,,1,,,,,,,,
TZA,"Tanzania, United Republic of",738,Tanzania,1,,,,,,1,,,,,,,1,1,1,,,,1,,,,,,,1,1,1,,,,,,,,,,,,1,,,,,1,1,1,,,1
UGA,Uganda,746,Uganda,1,,,,,,1,,,,,,,1,1,1,,,,1,,,,,,,1,1,1,,,,,,,,,,,,1,,,,,1,1,1,,,1
UKR,Ukraine,926,Ukraine,1,,,,1,,1,,,1,,,,,1,,,,,1,,,,,,,,1,,1,,,,,,,,,,,,,,,,,,1,1,,
URY,Uruguay,298,Uruguay,1,,,,,1,1,,,1,,,,,1,,,1,,,,,,,,,,1,,,,,,,,,,,,,,1,,,,,1,1,,,1
USA,United States,111,United States,1,,,,,,,1,1,,,,,,,,,,,,,,,,,,,,,,,1,,,,,,,,,,,,,,,,,,1,1
UZB,"Uzbekistan, Republic of",927,Uzbekistan,1,,,,,,1,,,,,,,,1,1,,,1,1,1,,1,,,,,,,,,,1,,,,,,,,,,,,,,,1,,,1
VCT,St. Vincent and the Grenadines,364,St. Vincent and the Grenadines,1,,,1,,,1,,,1,,,,,1,,,1,,,,,,,,,,1,,,,,,,,,,1,,,,,,,,,1,1,,,
VEN,"Venezuela, República Bolivariana de",299,Venezuela,1,1,,,,,,,,1,,,,,1,,,1,1,,,,,,,,,,,,,,,,,,,,,,,1,,,,,,,,,
VNM,Vietnam,582,Vietnam,1,,1,,,,1,,,1,1,,,,1,,,,1,,,,,,1,,,,,,,,,,,,,,,,,,1,,1,,,1,,,
VUT,Vanuatu,846,Vanuatu,1,,,1,,,1,,,1,,,,,1,,,,,,,,,,1,,,1,,,,,,,,,,,,1,,,1,,1,,1,1,,,
WBG,West Bank and Gaza,487,West Bank and Gaza,1,,,,,,,,,1,,,,,1,,,,,,1,,1,1,,,,1,,,,,,,,,,,,,,,,1,,,1,,,,
WSM,Samoa,862,Samoa,1,,,1,1,,1,,,1,,,,,1,,,,,,,,,,1,,,1,,,,,,,,,,,,1,,,1,,1,,,1,,,
YEM,"Yemen, Republic of",474,Yemen,1,,,,1,1,1,,,,,,,,1,1,,,,,1,,1,1,,,,1,,,,,,,,,,,,,,,,1,,,,1,,,
ZAF,South Africa,199,South Africa,1,,,,,1,1,,,1,,,1,,1,,,,1,,,,,,,,1,,,,,,,,,,,,,,1,,,,,,,1,,1,1
ZMB,Zambia,754,Zambia,1,,,,1,1,1,,,,,,1,,1,1,,,,,,,,,,,1,1,1,,,,,,,,,,,,1,,,,,1,,1,,,
ZWE,Zimbabwe,698,Zimbabwe,1,,,,1,1,1,,,,,,,1,1,1,,,,,,,,,,,1,1,,,,,,,,,,,,,1,,,,,1,,1,,,
